Institute,Year,NGO,Comments Count,Key Themes,Sentiment,Representative Comment
E & TC,2024-25,ISKCON,23,"helpful, improving, communication, various, personal",Positive,It was very helpful in improving my skills in various aspects of domain
E & TC,2024-25,Akshar Bharati,12,"develop, social, akshar, bharti, responsibility",Positive,"It was a great opportunity. It helped me to develop social responsibility, team work and communication skills while contributing to community. "
E & TC,2024-25,Jeevitnadi Living River,8,"being, journey, community, jevitnadi, meangful",Negative/Mixed,Being a part of jevitnadi community was a meangful journey for me. I would definitely recommended this opportunity to anyone. 
E & TC,2024-25,Mahatma Phule Apang Prashikshan Kendra,8,"made, mpapk, been, exceptional, everyone",Positive,I gained valuable insights into unique strenghths and needs of differently abled individulas which in turn made me learn a lot. 
E & TC,2024-25,Being Volunteer,7,"volunteering, during, personally, learn, could",Positive,I am very greatful for the opportunity given to me by our peers and teachers.
E & TC,2024-25,Adventures Beyond Barriers,6,"been, abbf, everyone, made, exceptional",Positive,Working and contributing towads the good of society & inclusion of everyone has been an enlightening experience. 
E & TC,2024-25,Hamara Sehyog,6,"helpful, determined, learnt, during, community",Positive,It was an eye-opeinging experience and I am determined to be more helpful in the upcoming actitives. 
E & TC,2024-25,Akshar Bharti,4,"develop, social, responsibility, team, communication",Positive,"It was a great opportunity it helped me develop social responsibility, team work and communication skills."
E & TC,2024-25,Resq Charitable Trust,4,"course, learn, increased, self, confidence",Positive,This course helped me learn new skills and increased my self- confidence. 
E & TC,2024-25,Iskon And Nvcc,3,"helpful, personal, professional, growth, page",Positive,It was helpful in my personal & professional growth. 
E & TC,2024-25,Iskon Nvcc,3,"helpful, personal, professional, growth, greatful",Positive,it was helpful in my personal and professional growth. 
E & TC,2024-25,Jeevitnadi,3,"being, jeevitnadi, community, journey, recommend",Positive,being part of jeevitnadi community was a meaningfull journey for recommend this opportunity.
E & TC,2024-25,Creative People,2,"enriching, creative, people, funded, shrreeja",Neutral/Insufficient Data,"Creative people NGO, co funded by Mrs. Shrreeja. Gave me a truly eye-opeing experience. It is wonderfully managed and would highly recommend working there. "
E & TC,2024-25,Door Step School,2,"improving, leadership",Neutral/Insufficient Data,Helped in improving my leadership skills. 
E & TC,2024-25,Savika Sanstha,2,"seen, impactful, initiatives, drive, postive",Neutral/Insufficient Data,"At the NGO, I have seen impactful initiatives, drive postive change with dedication & innovation. "
E & TC,2024-25,"With Love, For You Charitable",2,"served, across, semisters, depth, expeerience",Neutral/Insufficient Data,The time should be served across 2 semisters for a more in depth expeerience of seva
E & TC,2024-25,Doorstep Organisation,1,"contribute, society",Neutral/Insufficient Data,I learned to contribute more to the society. 
E & TC,2024-25,Econsan Services,1,"meet, whole, team, once, look",Neutral/Insufficient Data,Would like to meet the whole team once & look over all the research done by the foundation. 
E & TC,2024-25,Mahatma Phule Apang Prashikshan,1,"gained, valuable, insights, into, unique",Neutral/Insufficient Data,I gained valuable insights into unique strenghths and needs of differently abled individulas which in turn made me learn a lot. 
E & TC,2024-25,Resq,1,"recommend, join, ngoorganisation, hospitality, friendly",Neutral/Insufficient Data,"Would recommend for other students to join this NGO/organisation. Amazing hospitality, friendly mentors. "
E & TC,2024-25,Sevadeep,1,development,Neutral/Insufficient Data,This project helped me in my overall development.
SCMS-Bengaluru,2022-23,Smile,4,"field, than, desk, take, site",Positive,Require more field activities than desk job
SCMS-Bengaluru,2022-23,Cry,3,"ground, willing, direct, contact, children",Positive,"We had no direct contact to the children in the NGO, we worked only from office"
SCMS-Bengaluru,2022-23,Tamahar Trust,3,"signature, page, available, transformative, journey",Positive,My overall experience with NGO was transformative journey that changed my perspective and initiated passion within me to advocate for rights of these disabled children
SCMS-Bengaluru,2022-23,Amogh,2,"planed, academics, timetable, could, sessions",Neutral/Insufficient Data,Academics should have planed the timetable more better
SCMS-Bengaluru,2022-23,Greenpeace India,2,"supportive, reaching, objective, person, abhilash",Neutral/Insufficient Data,The NGO was very supportive in reaching the Service Learning Objective
SCMS-Bengaluru,2022-23,Ishanya India,2,"could, related, towards, inclusion, concepts",Neutral/Insufficient Data,The work given could be more related towards inclusion and concepts we are learning
SCMS-Bengaluru,2023-24,Youth For Parivarthan,48,"government, events, could, management, communication",Positive,Great experience working with the NGO. Hope to collaborate with them again at a later point
SCMS-Hyderabad,2023-24,Explore It,16,"explore, future, forward, collaborations, looking",Positive,It was a wonderful experience working with the Explore IT. We would be liking to work with you ion future also. 
SCMS-Hyderabad,2023-24,Redrope,6,"outreach, needed, learn, human, trafficking",Positive,This was good experience for me overall. I got to learn more things about human trafficking. The community outreach activity is the best part of the Service Learning module for me.
SCMS-Nagpur,2021-22,ExploreIT,64,"drives, plantation, made, proud, public",Positive,Plantation drives and clean up drive in public place
SCMS-Nagpur,2021-22,Yashodhara Bahuuddheshiya Sangh,10,"management, communication, issue, preparing, exams",Negative/Mixed,Time management was an issue as a student preparing for exams shortly.
SCMS-Nagpur,2022-23,Yashodhara Bahuddeshiya Sangh,32,"management, communication, proper, issue, preparing",Positive, The management was an issue as students  are preparing exams
SCMS-Nagpur,2022-23,Mission India,28,"society, helpful, execution, insightful, reflective",Positive,Empowering students to make a differences.
SCMS-Nagpur,2022-23,Alag Angle,19,"only, opening, benift, visit, interested",Positive,Was a great learning experience
SCMS-Nagpur,2022-23,Nagpur First,15,"insightful, life, could, changing, certain",Positive,"It was a life changing experience, but certain activities could have been better."
SCMS-Nagpur,2022-23,Yashodhara Bahuuddheshiya Sangh,2,"management, class, issue, preparing, exams",Neutral/Insufficient Data,The management class was an issue as students are preparing for exams shortly.
SCMS-Nagpur,2022-23,Youth For Seva,1,"when, asked, children, kochapura, continously",Neutral/Insufficient Data,When asked to the children of kochapura they were continously complaining about electricity costes in there locality. If Foundation could help them our in that. It would be great.
SCMS-Nagpur,2023-24,Sakar Drushti,233,"society, social, people, community, foundation",Positive,engaging in Social workhas entered my life by providing meaningfull experiences
SCMS-Nagpur,2023-24,Rotary Club,11,"been, lesson, learn, importance, community",Positive,This project has been a great lesson for me to learn the importance of community service and sustainablity.
SCMS-Nagpur,2023-24,Youth For Seva,10,"well, every, staff, supportive, community",Positive,This was the great experience as I was able to understarstand the community situation.
SCMS-Nagpur,2023-24,Betiya Shakti,2,"boost, communication, level, well, leadership",Neutral/Insufficient Data,it boost my communication level as well as leadership activities. It also enhanced my self confidance. 
SCMS-Nagpur,2023-24,Center For Sustainable Development,1,"voluntters, supervisors, cooperative, always, ready",Neutral/Insufficient Data,"The voluntters, supervisors were very cooperative and were also always ready to coordinate"
SCMS-Nagpur,2023-24,Center For Sustainable Devlopment,1,"guidance, support, provided, volunteers, helpful",Neutral/Insufficient Data,The guidance and support provided by the other volunteers in NGO was very helpful.
SCMS-Noida,2020-21,Expoerit  Climate Reality Project,61,"environment, learn, well, made, various",Positive,The overall work experience with this NGO was really good and knowledge I learned a lot and tired to serve my best. 
SCMS-Noida,2020-21,Vrikshit Foundation,44,"vrikshit, team, foundation, society, covid",Positive,Was a wonderfull to work here. Looking forward for this opportunity again. 
SCMS-Noida,2020-21,Robin Hood Army,25,"society, already, conducted, various, academic",Positive,I am grateful to Robin Hood Academy for assisting me in developing my working skills and self-confidence. I found a lot of happiness in doing my share for society. It taught me about different societal issues and also helped me grow as an individual.
SCMS-Noida,2020-21,Parimal Pathshala,19,"been, such, learnt, understanding, organization",Positive,"It has been a really wonderful experience to work with such an 
organization wherein I learnt and worked upon my own strengths and 
weaknesses. I am looking forward to avail a such experience further in the 
long run.
"
SCMS-Noida,2020-21,Bharatiya Yuva Shakti Trust,17,"society, people, byst, give, could",Positive,Undergoing the service Learning course helped me serve the people . It enabled me to be part of the commmunity . It helped me to understand that helping other gives you a sense of satification that no one thing can give you. 
SCMS-Noida,2020-21,Virkshit,14,"foundation, society, vrikshit, personal, cleanliness",Positive,I learned a lot from this internship and it helped me in personal growth.
SCMS-Noida,2020-21,Pecss,8,"such, society, complete, taught, benefits",Positive,I am fortunate enough to complete this course. I was interested with a positive attitude and good work ethics to get in involoved whenever I was needed. I was great experience this taught us a lot. 
SCMS-Noida,2020-21,Amroshasay,6,"college, take, wanted, long, head",Positive,It was good working with Amroha Say.
SCMS-Noida,2020-21,Lift India  For Empowerment,5,,Positive,Great learning experience
SCMS-Noida,2020-21,Youth Empowerment,4,"many, learnt, learnet",Positive,I enjoyed working YEF and Learnt many new things. 
SCMS-Noida,2020-21,Empowering Minds-Society For Research And Dvelopment,3,"creative, communicate, feelings, people, community",Negative/Mixed,The Service Learning programme was exclusive of boundless achivment . It added me to have an in depth knowledge about practical problem solving in the corporate world. 
SCMS-Noida,2020-21,Parichay,3,"helpful, helpedme, ability, learn, independently",Positive,It helpedme in learning my ability to work and learn independently more properly.
SCMS-Noida,2020-21,Naya Swera,2,"people, community, every, course, initiative",Neutral/Insufficient Data,The NGO Naya Sawera has done an exceptional Job at Serving the people of every community. The director is a very experienced person and I learned a lot working with him. 
SCMS-Noida,2020-21,I Gift Life,1,"such, wonderfull",Neutral/Insufficient Data,It was a very good experience working for such a wonderfull NGO.
SCMS-Noida,2020-21,Just Open Yourself (Joy),1,"serving, society, gave, inner, sense",Neutral/Insufficient Data,My experience at the NGO was amazing serving the society gave me an inner sense of peace. 
SCMS-Noida,2020-21,Munger Raj Mandir,1,"greatful, taught",Neutral/Insufficient Data,"I am really greatful for this amazing experience, It has taught me a lot of things. "
SCMS-Noida,2020-21,Radhika Walfare Trust,1,"honest, challenging, activity, give, social",Neutral/Insufficient Data,Working for an NGO to be honest is a challenging activity but it helped me to give my social contribution towards society which makes ne feel good.
SCMS-Noida,2020-21,Radhika Welfare Trust,1,"complete, possible, people, professional, polite",Neutral/Insufficient Data,NGO helped me complete the project work in the best possible way. People were very professional and polite. 
SCMS-Noida,2020-21,S M Sehagal,1,"quite, enarching, connect, people, chance",Neutral/Insufficient Data,The overall experience with NGO was quite enarching. I got an opportunity to connect with new people and got a chance to learn things. 
SCMS-Noida,2020-21,Sakhi Kendra,1,"sakhi, kendra, helps, underprivileged, women",Neutral/Insufficient Data,Sakhi Kendra is an excellent NGO. It helps a lot of underprivileged women by empowering them and educating them about their fundamental rights
SCMS-Noida,2020-21,Sapno Ke Pankh,1,"initially, considered, servicelearning, nothing, than",Neutral/Insufficient Data,"Initially I considered this service-learning project 
as nothing more than a project but now I am grateful to the institution 
for coming up with this because this gave me access to work at a 
platform where otherwise I wouldn’t have thought of working."
SCMS-Noida,2020-21,Smile,1,"adapted, itself, well, these, trying",Neutral/Insufficient Data,The NGO has adapted itself very well in these trying times of pandemic by utilizing the technology effectivily. 
SCMS-Noida,2020-21,Vardhman Shiksha Mandir,1,"learn, various, occouring, functions, field",Neutral/Insufficient Data,It was a great learning opportunity. Got to learn about the various occouring functions of the NGO field. 
SCMS-Noida,2020-21,Youth Network,1,"first, pretty, stressed, went, well",Neutral/Insufficient Data,As its my first time doing the NGO work pretty stressed but all things went well and no problem occurs. 
SCMS-Noida,2021-22,Vrikshit Foundation,55,"society, vrikshit, foundation, towards, gave",Positive,Service learning played a significant role in shaping my future choices towards the society.
SCMS-Noida,2021-22,ExploreIT,49,"society, environment, sustainable, development, towards",Positive,It was very enriching experience
SCMS-Noida,2021-22,I Gift Life,49,"organ, igiftlife, donation, course, knowledge",Positive,It was great oppurtunity that gave me a chance to do so mething beneficial for the society
SCMS-Noida,2021-22,Sapne,39,"society, sapne, community, made, organization",Positive,"It helped to learn new things for eg. How to make posts on instagram. Overall, it was a nice experience."
SCMS-Noida,2021-22,Robin Hood Army,10,"been, love, even, after, completion",Positive,Thankful to SCMS noida and Robinhood army
SCMS-Noida,2021-22,Manthan,4,"sense, learnt, manthan, foundation, made",Positive,Working with Manthan foundation made me acknowledge my privilege and use my potential for a greater good.
SCMS-Noida,2021-22,Edignite,2,"been, opportunitity, subject, then, glad",Neutral/Insufficient Data,"This was an amazing opportunitity to be part of this subject. If I would have been given some more time to work in the NGO, then it would have been better."
SCMS-Noida,2021-22,Khayaal,2,"khayaal, learn, everyone",Neutral/Insufficient Data,Khayaal is very good NGO and I got to learn a lot from everyone
SCMS-Noida,2021-22,Pocketful Of Sunshine,2,"sunshine, teaching, while, volunteering, probably",Neutral/Insufficient Data,"I had a great experience and learned a lot while volunteering with PFO sunshine. Teaching students has probably had the most impact on me. I learned a lot about students, their hardships and it also increased my respect towards all the teaching faculty."
SCMS-Noida,2021-22,Sankalp Hamara,2,"programme, wonderful, gave, real, life",Neutral/Insufficient Data,The programme was a wonderful experience and gave me real life exposure to the workings of a NGO and sensitized upon the problems of the society.
SCMS-Noida,2021-22,The Earth Saviours,2,"super, first, pretty, stressed, thing",Neutral/Insufficient Data,As its my first time doing the NGO work pretty stressed but all thing went well and no problem occurs.
SCMS-Noida,2021-22,The Intelligent Indian,2,"personally, course, college, offered, mentor",Neutral/Insufficient Data,I personally really like the service learning course that the college offered.
SCMS-Noida,2021-22,Youth Network,2,"page, available, sing, avaliable",Neutral/Insufficient Data,"Page Not Available , No"
SCMS-Noida,2021-22,Ajit,1,"definitely, recommended, people, learnt, while",Neutral/Insufficient Data,"I would definitely recommended this NGO to other people, learnt a lot while providing quality services to underprivileged kids. Overall great experience."
SCMS-Noida,2021-22,Exepowering The Vision Project,1,"provided, motivation, inspiration, benift, society",Neutral/Insufficient Data,Working for the NGO has provided me motivation and inspiration to work for the benift of the society.
SCMS-Noida,2021-22,Institution For The Blind (Andh Vidyalaya),1,"sohan, extermely, helpful, guided, everything",Neutral/Insufficient Data,"Mr. Sohan was extermely helpful, he guided me about everything about this place and I learnt a lot of new things, really greatful to him."
SCMS-Noida,2021-22,Rabin Hood Army,1,,Neutral/Insufficient Data,A Good learning Experience
SCMS-Noida,2021-22,Roots,1,"page, sing, available",Neutral/Insufficient Data,"No page is their also sing is not available, No"
SCMS-Noida,2021-22,Sankalp Humara,1,"programme, wonderful, gave, real, life",Neutral/Insufficient Data,The programme was a wonderful experience and gave me real life exposure to the workings of a NGO and sensitized upon the problems of the society.
SCMS-Noida,2021-22,TARA Mobile Creches,1,"grateful, such, along, made, many",Neutral/Insufficient Data,"I'm grateful that I got an opportunity to work with such a NGO, I learned a lot of skills along the way and made many memories that I will always cherish."
SCMS-Noida,2022-23,Vrikshit Foundation,68,"vrikshit, foundation, society, been, organization",Positive,It was amazing working with such an amazing NGO. I really loved working here. They have really motivated me to work for the betterment of the society.
SCMS-Noida,2022-23,Robin Hood Army,57,"impact, community, army, society, people",Positive,Robin hood army made me step out of my comfort zone and do things that wouldn't have done otherwise. It made me a more confident person.
SCMS-Noida,2022-23,I Gift Life,53,"organ, donation, informative, helpful, learn",Positive,"Being a  part of this NGO, made one learn many new things about organ donation."
SCMS-Noida,2022-23,ExploreIT,32,"community, been, impact, people, exploreit",Positive,I was touched by the project this NGO implemented. The impact that this project had was that our environment should go clean & green.
SCMS-Noida,2022-23,Bhartiya Yuva Shakti Trust,19,"through, social, improving, personality, tasks",Positive,"Service learning experience increased self- confidence, enhanced independent learning abilities, and provided insights into personal strengths and weaknesses."
SCMS-Noida,2022-23,Warriorswithoutcause,17,"social, society, through, drives, course",Positive,"I appreciated the opportunity to be a part of the drives organised by WWC. It was a great learning experience, and I feel like I gained valuable skills in project management. Communication and problem -solving."
SCMS-Noida,2022-23,Helping Care Welfare,10,"need, many, those, impact, contribute",Positive,"Overall it was a great learning experience and I enjoyed each and every drive that I did, learned a lot of new things and also became aware of many new things."
SCMS-Noida,2022-23,Yashoday,8,"forward, again, looking, gained, mental",Positive,Looking forward to work with them again.
SCMS-Noida,2022-23,The Blind Relife Association,7,"learn, different, blend, people, learnt",Positive,The NGO helped me learn a lot about different work that blend people do.
SCMS-Noida,2022-23,Byst,6,"social, improving, personality, thankful, through",Positive,It was a very good experience overall. Learned so much and am thankful for the experience.
SCMS-Noida,2022-23,Helpingcarewelfare,6,"only, thing, having, your, photos",Positive,"The only thing I did not like about this project is having your photos clicked, because it made us a little awkward as it felt as we are forced to do a charity work and we want it recognized."
SCMS-Noida,2022-23,Seva Srijan,6,"helping, seva, foundation, proud, these",Positive,I think it was a very amazing experience for me & I am proud that my institute provides such course which helps the student now more about the good will which these NGOs are trying to spread. I am proud to say that I too have contributed in the same.
SCMS-Noida,2022-23,Janman People'S,5,"community, learn, enabled, connect, young",Positive,The Service Learning Project enabled me to connect the community of the young people.
SCMS-Noida,2022-23,Warriors Without Cause,5,"social, blessed, without, going, made",Positive,Going on drive with other volunteers was one of the best moments of my life. I am going to carry what I learned in my heart wherever. I'm also thinking of continuing as a volunteer at warriors without cause again.
SCMS-Noida,2022-23,Explore It,4,"volunteering, gave, sense, purpose, fulfilment",Positive,"Volunteering for the NGO gave me a sense of purpose and fulfilment. It has been rewarding to make a difference in the lives of others, and the experience has helped me to grow as a person and develop new skills. "
SCMS-Noida,2022-23,Blind Relief Association,3,"liked, people, suggestions, environment, culture",Positive,The NGO was good and I liked the people. 
SCMS-Noida,2022-23,Rejoice,3,"chance, enhance, skill, well, teamwork",Positive,"I got a chance to enhance to my skill as well like teamwork communication, confidence and a positive mind-set. I come to know how important it is to keep our environment clean and green."
SCMS-Noida,2022-23,Seva Bharti,3,"members, supportive, getting, valuable, insights",Positive,This NGO project really helped me in getting valuable insights of the outside would.
SCMS-Noida,2022-23,Sewa Bharti,3,"valuable, insights, outside, getting, activity",Positive,This NGO project really helped me in getting valuable insights of the outside would.
SCMS-Noida,2022-23,Shanti Devi Mittal,3,"towards, society, taking, step, social",Positive,Taking a step towards social responsibility helped me change my view towards the society. Now being able to help the society makes me feel happy.
SCMS-Noida,2022-23,Aasha Ki Kiran,2,"providing, while, made, gain, interest",Neutral/Insufficient Data,While working for the NGO. It made me gain interest in providing service and helping others.
SCMS-Noida,2022-23,Basera Samajik Sansthan,2,"rights, learn, creating, awareness, hivaids",Neutral/Insufficient Data,"Great ngo to work, my mentor was supporting me all the time, even if did a mistake he recitified me, and never put much pressure on me. "
SCMS-Noida,2022-23,Bheek Nahi Kitab Do,2,"society, while, enriched, know, difference",Neutral/Insufficient Data,I had a very enriched experience while working with Bheek Nahi Kitab Do. The supervisor was very helpful and I got to serve on ground and meet with the people actually in need.
SCMS-Noida,2022-23,Bhik Nahi Kitab Do,2,"through, adopt, contributing, society, joining",Neutral/Insufficient Data,"Through this service learning project, I am able to adopt my skills."
SCMS-Noida,2022-23,Child Association India,2,"grateful, child, people, thing, during",Neutral/Insufficient Data,All the employees and interns of the NOG were very helpful and cooperative. It was a really enriching experience for me.
SCMS-Noida,2022-23,Childcare Welfare Society,2,"gives, pleasure, gave, chance, serve",Neutral/Insufficient Data,It gives me immense pleasure to be a part of this service drives. It has helped me a lot and gave me a chance to serve the society.
SCMS-Noida,2022-23,Cii,2,"supportive, connect, people",Neutral/Insufficient Data,The NGO was very supportive and I had an excellent experience working with them.
SCMS-Noida,2022-23,Daily Wage Worker,2,"research, workers, made, understand, strengths",Neutral/Insufficient Data,It made me understand my strengths and weakness. Also I believe it helped me sharpen my skills of research and improved my communication skills with unknown people.
SCMS-Noida,2022-23,Divine Basic Needs,2,"overwhelmed, helping, needy",Neutral/Insufficient Data,The working in NGO was a great experience I felt overwhelmed helping the needy
SCMS-Noida,2022-23,Feeding India,2,"feeding, india, being, volunteer, fulfilling",Neutral/Insufficient Data,"Being a volunteer of feeding India has an fulfilling experience. I feel grateful for the opportunity to contribute excess food to those in need, the NGO's cause is truly inspiring."
SCMS-Noida,2022-23,Keshav Social,2,"individual, commitment, community, driven, development",Neutral/Insufficient Data,They individual their commitment to community- driven development 
SCMS-Noida,2022-23,Manushuo-Uthan,2,"show, gratitude, towards, understand, team",Neutral/Insufficient Data,I would like to show my gratitude towards the NGO and how it helped me to understand team building & leadership.
SCMS-Noida,2022-23,Parkshala,2,"realistic, insight, real, meaning, life",Neutral/Insufficient Data,A very realistic experience. This Helped me have insight about the real meaning of life. It would definitely help me in my carrier. 
SCMS-Noida,2022-23,Rotary Club,2,"making, gives, through, awareness, socioeconomic",Neutral/Insufficient Data,Working for an NGO gives one  a through awareness of the socioeconomic problems and difficulties that various groups encounter. It makes it possible for people to learn more about the issues that marginalised populations deal with on a daily basis.
SCMS-Noida,2022-23,Shree Bankey Bihari Subodh Singh,2,"personally, level, involvement, betterment, society",Neutral/Insufficient Data,"I personally learned a lot by working in this NGO, my level of involvement in the betterment of the society has been increased and it has made me realize. I should be tankful and grateful every moment of my life. My communication skills have also become better now."
SCMS-Noida,2022-23,Titali,2,"during, while, special, society, ways",Neutral/Insufficient Data,I felt really special while working for the society in some ways that are unexplainable in words. Seeing pretty smiles during my groundwork hours was one of the best moment that I had during the project.
SCMS-Noida,2022-23,Warriorswithout Cause,2,"impact, touched, implemented, lives, those",Neutral/Insufficient Data,I was touched by the project this NGO implemented. The impact that this project had on lives of those it can't be overtraded. Facebook from beneficiaries was overwhelming.
SCMS-Noida,2022-23,Asahay Jan Sewa Samiti,1,,Neutral/Insufficient Data,I really enjoyed working with the NGO.
SCMS-Noida,2022-23,Bhavishya,1,"moreover, personally, told, mentor, contact",Neutral/Insufficient Data,"Moreover, I was personally told by my mentor to contact him whenever, which made me realize that he was confident of me. "
SCMS-Noida,2022-23,Daiily Wage Worker,1,"daily, wage, workers, imersive, learn",Neutral/Insufficient Data,Working with Daily wage workers was an imersive experience. I got to learn a lot about the sufferings labours go through and it was a delighful experience to contribute in making their lives better. 
SCMS-Noida,2022-23,Ek Koshish Aisi Bhi,1,"fantastic, location, discover, humanitarian, beliefs",Neutral/Insufficient Data,A fantastic location to discover the humanitarian beliefs. The Ek koshish Aisi Bhi is doing an adminable job ofserving humanity to the best of its ability.
SCMS-Noida,2022-23,Helping Humanity,1,"these, months, community, services, transform",Neutral/Insufficient Data,These 2 months of community services helped me transform into an pathetic person.
SCMS-Noida,2022-23,Helpline Humanity,1,"staff, supportable, transform, into, person",Neutral/Insufficient Data,The ngo staff was supportable and helped me transform into a better person
SCMS-Noida,2022-23,Maask,1,"through, strengthen, social, connect, community",Neutral/Insufficient Data,Through this project I was able to strengthen my social skills and also was able to connect with community. It was great experience.
SCMS-Noida,2022-23,Punyya Life,1,"wanted, take, moment, express, appreciation",Neutral/Insufficient Data,I wanted to take a moment to express my appreciation for the work that our NGO does in adult to support our community and make tremendous impact in lives of many people. 
SCMS-Noida,2022-23,Punyye Life,1,"actively, impact, society, because",Neutral/Insufficient Data,We were able to actively impact the society because of the NGO.
SCMS-Noida,2022-23,Roobinhod Army,1,"althrough, exterimely, inlightening, handlers, supportive",Neutral/Insufficient Data,"Althrough the experience was exterimely inlightening, the handlers were not as supportive and encouraging."
SCMS-Noida,2022-23,Sahaj Sambhav,1,form,Neutral/Insufficient Data, I had learned a lot form this service learning project.
SCMS-Noida,2022-23,Sahaj Shambhav,1,"cooperative, agree, personnels, busy, times",Neutral/Insufficient Data,"The NGo was very cooperative , I agree that the NGO personnels were busy at times so they were unable to attend but overall it was good."
SCMS-Noida,2022-23,The Advantage India,1,"recommend, participate, basically, efforts, because",Neutral/Insufficient Data,"I would really recommend to participate in this NGO, basically in any NGO, we should have some efforts because we can learn and observe too many things will help in our future."
SCMS-Noida,2022-23,Think Act Rise,1,"think, rise, foundation",Neutral/Insufficient Data,Think act rise foundation is a great NGO to work with!
SCMS-Noida,2022-23,Think Act Rise Fpundation,1,"under, tarf, upskill, self, through",Neutral/Insufficient Data,I had a great time working under TARF which really helped me to upskill my self through this service learning project.
SCMS-Noida,2022-23,Warriours Without Cause,1,"through, strenghten, social, improving, personality",Neutral/Insufficient Data,Through this project I was able to strenghten my social skills which helped me in improving my personality.
SCMS-Noida,2022-23,Yashoday  5,1,"looking, forward, again",Neutral/Insufficient Data,Looking forward to work with them again.
SCMS-Noida,2023-24,Vrikshit Foundation,83,"vrikshit, foundation, greatful, towards, people",Positive,Really thankful for the opportunity to work with vrikshit foundation and greatful that I could contribute to their mission. 
SCMS-Noida,2023-24,Warriors Without Cause,42,"society, impact, towards, people, postive",Positive,overall experience was excellent
SCMS-Noida,2023-24,Jax,30,"foundation, childeren, helpful, teach, glad",Positive, The NGO prove their mission and commitment to the childerens well-being were instrumental in chirety a transformative learning experience for all involved.
SCMS-Noida,2023-24,I Gift Life,22,"life, organ, donation, support, gift",Positive,Great experience working with them and helped us know more about organ donation & health tips. 
SCMS-Noida,2023-24,Parmarth Sansthan,22,"people, impact, needy, postive, providing",Positive,I wontated to help more and eager to extend my assistanc to them in any possible way
SCMS-Noida,2023-24,Chhanv,12,"chhanv, foundation, helpful, recommended, community",Positive,Working at Chhanv foundation wasn't just an internship it was about learning part of transforming journey 
SCMS-Noida,2023-24,Robin Hood Army,6,"childeren, education, pleasure, privilledge, teaching",Positive,It was a great pleasure to work in their. I learned a lot of things
SCMS-Noida,2023-24,Prajna,4,"your, supportive, collaborative, exceptional, dedication",Positive,NGO was supportive and collaborative
SCMS-Noida,2023-24,Sewa Bharti,4,"envoirnment, created, team, members, well",Positive,The work envoirnment created by them for their team members as well as volunteers is truly amezing and welcomeing. 
SCMS-Noida,2023-24,Explore It,3,"joing, supportive, thorughout, tenure",Positive,Joing this NGO and working in it was a great opportunity 
SCMS-Noida,2023-24,Flying Club Trust,3,"ngos, passion, mission, commitment, improve",Positive,It was great learning experience and I was able to utilized my skills as well.
SCMS-Noida,2023-24,The Earth Saviours,2,"equiped, valuable, deep, understanding, social",Neutral/Insufficient Data,equiped me with the valuable skills and deep understanding with social sector preparing me  towards career focused on creating a better world. 
SCMS-Noida,2023-24,Dawgss,1,"only, problem, loved, dawgss, lack",Neutral/Insufficient Data,"The only problem we loved at dawgss was the lack of transformation to go to assigned areas, they could work on that a little. "
SCMS-Noida,2023-24,Incentive,1,"inspiring, insentive, foundation, whose, fully",Neutral/Insufficient Data,"it was inspiring to be a part of this NGO, the insentive foundation, whose fully committed in working a genuine contirbution to the society. S"
SCMS-Noida,2023-24,Konfyans Charitable Public Trust,1,"gained, heightened, awareness, collective, impact",Neutral/Insufficient Data,I gained heightened awareness of our collective impact on the society.
SCMS-Pune,2021-22,ExploreIT,66,"exploreit, well, online, offline, many",Positive,It was a great learning experience especially for youth as the care for our earth can really be encouraged in this time. I absolutely has as incredible experience.
SCMS-Pune,2022-23,ExploreIT,25,"available, signature, page, personally, provided",Positive,Signature page is not available
SCMS-Pune,2023-24,Explore It,130,"exploreit, life, platform, provided, people",Positive,It was a great experience where I meet new people and Contributed to the community
SCMS-Pune,2024-25,Spherule,154,"foundation, team, made, spherule, while",Positive,"Looking on my project, skilling and career development, has truly made me realise the incredible potential I have."
SCMS-Pune,2024-25,Ashray,10,"goals, domain, while, foundation, ashray",Positive,SLC provided me with a great learning & indipendent working ability in HR domain & also allowed me to test my on ground digital marketing  skills in the beginning. 
SCON,2020-21,Sahdev Ekanath Nimhan Maternity Hospital Pashan,128,"helpful, knowledge, programme, people, field",Positive,The  programme was helpful and effective for the boarding at my knowledge and understanding on my career. 
SCON,2021-22,"New English School, Ghotavade",101,"knowledge, field, programme, helpful, effective",Positive,This programme was very helpful and effective to learn many practical things. It helped to brighten my knowledge one step more
SCON,2021-22,"Late Sahadev Eknath Nimhan Maternity Hospital, Pashan, Pune",26,"programme, effective, knowledge, field, helpful",Positive,This programme was very helpful and effective to learn many practical things. It helped to brighten my knowledge one step more
SCON,2021-22,-,4,"programme, helpful, effective, learn, many",Positive,This programme was very helpful and effective to learn many practical things. It helped to brighten my knowledge one step more
SCON,2022-23,"Anganwadi, Lavale",74,"programme, effective, enhance, knowledge, ability",Positive,"The programme was very effective for me as it enhance knowledge, ability to work and learn independently"
SCON,2022-23,"Zilha Parishad School, Lavale",23,"programme, effective, enhance, knowledge, ability",Positive,"The programme was very effective for me as it enhance knowledge, ability to work and learn independently"
SCON,2022-23,"Phc, Lavale",21,"programme, effective, enhance, knowledge, ability",Positive,"The programme was very effective for me as it enhance knowledge, ability to work and learn independently"
SCON,2022-23,"Zilha Parishad Scchool, Lavale",18,"know, schoool, childrens, health, condition",Positive,It was a great experience for me to know about schoool children's health condition and activities
SCON,2022-23,"Lt. Sahdev Eknath Nimhan Maternity Hospital, Pashan",16,"programme, effective, enhance, knowledge, ability",Positive,"The programme was very effective for me as it enhance knowledge, ability to work and learn independently"
SCON,2023-24,"Zp School, Lavale",130,"programme, children, effective, engagement, required",Positive,SL is effective & interesing to coduct. More time for engagement is required
SCON,2023-24,"Zp School, Pashan",6,"programme, effective, interacting, community, interesting",Positive,SL is effective & interacting with community is interesting. More time for engagement is required
SCON,2024-25,"Lt. Baburao Rairaykar Vidyalaya, Uravade",50,"programme, effective, enhance, knowledge, ability",Positive,The Programme was very effective for me as it enhance our knowledge and ability to work and learn independently
SICSR,2020-21,Bal Kalyan Sanstha,7,"learn, tearn, tools, using, head",Positive,The learning helped learn more about desiging and graphics in depth inculding creating good content to deliver to an organisation. 
SICSR,2020-21,TARA Mobile Creches,6,"expereince, stuffs, idea, delightful, improvement",Positive,Got to expereince stuffs which I had no idea about.
SICSR,2020-21,Iskon( Dr. Sarika Sharma),4,"exteremly, organization, volunteer",Positive,Exteremly happy to work for  the organization and volunteer.
SICSR,2020-21,Akshar Bharati,3,"improve, communication, personnel, improvement, soft",Positive,"Improvement in soft skills like Time Management , Leadership was observed."
SICSR,2020-21,Maitra Foundantion,3,"organization, society, while, learn, different",Positive,"While working for the organization, I was able to learn the different cultures in India and also the work gave me pleasure as I was able to give a positive contribution in the growth of the society on Intellectual disability."
SICSR,2020-21,Aadhar Samajik Sanstha,2,"different, refreshing, break, continous, loved",Neutral/Insufficient Data,"It was a very different and refreshing experience, felt like a break from the continous "
SICSR,2020-21,Iskon (Dr. Shirish Joshi),2,"keep, educating, people",Neutral/Insufficient Data,Keep educating more and people 
SICSR,2020-21,Jeevitnadi,1,"incharge, person, interactive, guide, regarding",Neutral/Insufficient Data,The incharge person should be more interactive with the students and they should guide students regarding their assigned works 
SICSR,2020-21,Samparc,1,"allowed, persoanl, growth",Neutral/Insufficient Data,Very good experience allowed for persoanl growth and learning.
SICSR,2021-22,ISKCON,100,"been, toshan, march, highly, recommend",Positive,"The company may set up a good communication system and assign tasks to the students, allowing them to utilize their own resources and learn what they already know, perhaps increasing efficiency."
SICSR,2021-22,ExploreIT,43,"build, course, stonger, bond, enviorment",Positive,Helped to get more passionate towards society & enviornment.
SICSR,2022-23,ExploreIT,51,"been, society, learnt, everything, nicely",Positive,We had a lot of fun doing this service learning and learnt a lot through out the process. It was overall a really great experience.
SICSR,2022-23,Poornam Ecovision,36,"visiting, societies, waste, different, recycle",Positive,I understood the need to properly dispose off electronic waste and different ways to recycle it. I also learnt how to work and communicate better in a team.
SICSR,2022-23,Bhujal Abhiyan Trust,32,"been, since, february, everything, managed",Positive,"Since this February, I have been performed duty, and it has been a wonderful experience. They are a very considerate instructor who gives careful consideration to how they convey the subject matter. I would strongly advise them to anyone who is eager to learn."
SICSR,2022-23,ISKCON,12,"never, before, take, learn, many",Positive,no comment only one thing college should take imitative to take another project on service learning.
SICSR,2022-23,"Climate Reality Project, India",11,"activity, made, realize, many, individual",Positive,The service learning activity made me realize that there are many things we as a community and individual can do to make the world a better place to live for not just the underprivileged but for everyone.
SICSR,2022-23,Global Cool Green City,7,"learnt, throughout, process, during, mentor",Positive,We had a  lot of fun doing this service learning and learnt a lot throughout the process. It was overall a really great experience
SICSR,2022-23,Hamari Pahchan,2,"wonderful, learn, receives, helping, others",Neutral/Insufficient Data,This was a wonderful experience to learn about the joy one receives from helping others especially those in need. Thanks to this experience and opportunity I want to serve even more and help the society.
SICSR,2022-23,Janhit Sansthan,2,"learn, approach, colleges, social, welfare",Neutral/Insufficient Data,learn how to approach colleges and social welfare association and seek their help. I had also a feeling of doubt regarding how to convincing people for taking donations and make them understand.
SICSR,2022-23,Janwani,2,"believe, everything, carried, quite, smoothly",Neutral/Insufficient Data,I believe that everything was carried out quite smoothly. The sessions were very informative and various drives left us with a positive impact
SICSR,2022-23,Aashman,1,"taught, stay, grounded, move, forward",Neutral/Insufficient Data,"This NGO has taught me to stay grounded with the way they move forward with their initiatives. They have made their best efforts to include people and get volunteers and help those in need with their various successful campaigns and drives, be it through social media or different platforms."
SICSR,2022-23,Adar Poonawalla Clean City,1,"activity, provided, meaningful, huge, difference",Neutral/Insufficient Data,The Service Learning activity provided a meaningful way for me to make a huge difference in my life while gaining valuable experience beneficial for me.
SICSR,2022-23,Shreshtha Bharat,1,"tasks, actually, gave, chance, bring",Neutral/Insufficient Data,It was a great experience working with SBF. The tasks given to us were actually gave me a chance to bring a change in the community.
SICSR,2022-23,Tanisha,1,"learn, many, never, experienced, before",Neutral/Insufficient Data,I got to learn many new things that I never did or experienced before and made plenty of positive experiences I'll carry on with me.
SICSR,2023-24,ExploreIT,23,"free, community, been, several, unable",Positive,Visiting the heritage sights was fund and I got to learn more about the cultural heritage of my city. 
SICSR,2024-25,Climate Trooper,41,"fulfilling, provided, transportation, water, site",Positive,it was a great experience overall.  
SICSR,2024-25,Enabling Leadership,9,"diverse, perspective, been, truly, transformative",Positive,I am greatful for the institute for givning me this opportunity
SICSR,2024-25,Door Step School,4,"door, step, school, foundation, pune",Negative/Mixed,"The NGO is dedicated to skill development and trainee growth. Their openness to invoation, reflects their commitement to efficency & improvement"
SICSR,2024-25,ExploreIT,2,"unique, expeirence, team, helpful, decided",Neutral/Insufficient Data,working with the ngo was a unique expeirence
SICSR,2024-25,Doorstep School,1,"appreciate, course, provided, hands, understand",Neutral/Insufficient Data,I appreciate the opportunity to work on this project as part of the course. If provided hands on experience and helped me understand the impact of technology in real world scenarios. 
SICSR,2024-25,Fisa,1,"provides, services, community",Neutral/Insufficient Data,This is a very good Ngo which provides good services for community. 
SID,2020-21,ISKCON,4,"clear, final, detailed, brief, beforehand",Negative/Mixed,"A much detailed brief about the project given beforehand would be much better an accurate sample given, of what is expected from us might be better."
SID,2020-21,I Gift Life,2,"reference, shared, requirments",Neutral/Insufficient Data,Reference should be shared with the requirments
SID,2021-22,Explore It,58,"sustainable, knowledge, team, provide, communication",Negative/Mixed,Helping an NGO market their events with a strong visual language
SID,2021-22,ISKCON,42,"understanding, design, learn, team, organization",Positive,I was able to gain experience of working with group of people to achieve a shared goal and refining or understanding through discussion. It helped me improve my command over different softwares and improve my time management skills
SID,2021-22,Nabard,25,"team, management, coordination, leanrt, leadership",Positive,"Team work and taking on responsibility , time management, coordinating and co-operating with a client and my team members."
SID,2021-22,ExploreIT,10,"environment, importance, projet, development, while",Negative/Mixed,Gained knowledge aot environment and Sustainability. Learned the importance of spreading awareness on diferent actors affecting the environment
SID,2021-22,Kala Raksha,6,"learnt, maintain, throughout, brand, identity",Positive,Service Learning was a learning activity for me
SID,2021-22,Poornam Ecovision Fondation,5,"provide, volunteers, management, communication, between",Positive,"Learned teamwork and coordination, time management"
SID,2021-22,Access Life,3,"gained, sensitivity, towards, community, environment",Positive,Gained sensitivity towards the community and environment. Spirit of national development
SID,2021-22,Poornam Ecovision,3,"fabric, volunteers, provide, different, ways",Negative/Mixed,Different ways to use waste fabric and create products for living room and functionals and decorations.
SID,2021-22,Chaiim,2,"might, continue, chose, longer, period",Neutral/Insufficient Data,Might continue with the NGO I chose for a longer period
SID,2021-22,Dakshin,2,"through, awareness, conservation, gain, interdisciplinary",Neutral/Insufficient Data,"Through the project, I am able to gain experience working in an interdisciplinary team to develop actionable strategies to spread awareness about issues in conservation through design. I am also able to inculcate work discipline and time management by adhering to timelines assigned to me."
SID,2021-22,360 Degree,1,"learnt, think, ideate, efore, designing",Neutral/Insufficient Data,"I learnt how to think and ideate efore designing a templet, post or an illustration. I learnt how to work proessionall in industry"
SID,2021-22,Gram Urja,1,"taught, being, kids, projet, important",Neutral/Insufficient Data,Being a project for an NGO for kids this projet taught me how important it is to empathise with the users and do research properly. It also taught me how to manage time more efficiently and finish certain number of hours while managing other projets as well
SID,2021-22,Help & Hygiene For All,1,"learn, prjeect, helpeed, thee, vale",Neutral/Insufficient Data,The NGO prjeect helpeed me learn thee vale of time an helped me ccommnnicate etter with new people. I also got to learn a lot aot social media management and team work
SID,2021-22,Raahi,1,"learn, social, media, managing, communicating",Neutral/Insufficient Data,I got to learn about social media managing and communicating with new people on a proffesional level.
SID,2022-23,ISKCON,18,"helpful, supportive, gave, many, prabhu",Positive,"It was a good experience, gave me a new perspective on many subjects. "
SID,2022-23,Poornam Ecovision,11,"getting, insight, industry, proper, deadlines",Positive,It was a great learning experience
SID,2022-23,ExploreIT,4,"could, been, gained, valuable, knowledge",Negative/Mixed,Gained valuable knowledge on waste management.
SID,2022-23,I Gift Life,3,"indeed, feedback, sessions, gained, knowledge",Positive,The feedback sessions was very amazing
SID,2022-23,Ashni,1,"little, supervision, guidance, daily, updates",Neutral/Insufficient Data,A little more supervision and guidance with daily updates could have helped me work much more efficiently.
SID,2022-23,Neuvoprerana,1,"pleasure, neuvoprerana, team, helping, community",Neutral/Insufficient Data,It was a great pleasure and joy working with the Neuvoprerana team and helping them and the community by contributing my work.
SID,2022-23,Sahayata Shubh Hith,1,"gained, valuable, knowledge, applied, future",Neutral/Insufficient Data,I have gained valuable skills and knowledge from this project that can be applied in future academic and professional pursuits.
SID,2023-24,ExploreIT,16,"feedback, projects, proper, appriciate, supervisor",Positive,service learning helped me in polishing my social skills. 
SID,2023-24,ISKCON,15,"iskcon, gave, reflective, appreciated, diverse",Positive,the faculties and the ISKCON people were very understanding and generous. 
SID,2023-24,Poornam Ecovision,12,"feedback, role, neehar, helpful, place",Positive,we got an expeirnce to work in a different sector. 
SID,2023-24,I Gift Life,6,"been, different, assigned, properly, productivity",Positive,project should have been assigned by NGO
SID,2023-24,Round Table India,6,"course, hands, fostering, personal, growth",Positive,The service learning course helped us have a hands on experience and fostering personal growth. 
SID,2023-24,Seva Sahyog,3,"organizational, sturcture, works, forword, appricate",Positive,The organizational sturcture of the NGO really works in its forword. 
SID,2023-24,Aarya Stree Shakti,2,"greatful, know, self, supervisor, volunteer",Neutral/Insufficient Data,I felt greatful and got to know my self more. 
SID,2023-24,Mashal,2,"mashal, supportive, team, prompt, response",Neutral/Insufficient Data,"Very supportive team at MASHAL, prompt response of performance is appriciated. "
SID,2023-24,Vedanta Cultural,2,"communication, organisation, guidance, gaidance",Neutral/Insufficient Data,Better communication and guidance from the organisation
SID,2023-24,Make A Difference,1,"especially, freshers, wants, grow, skill",Neutral/Insufficient Data,It’s a great NGO to work with especially for freshers who wants to grow new skill sets. 
SID,2023-24,Mist Lgbtq,1,"under, guidance, most, supportive, mantors",Neutral/Insufficient Data,I was under the guidance of the two most supportive mantors. They provided me with the perfect balance and freedom douring my intership with them. 
SID,2023-24,Sahayata,1,"self, while, here, meet, many",Neutral/Insufficient Data,I enjoyed my self while working here it was a great learning experience and I got to meet many new people.
SID,2023-24,Shree Lakadipool Vittal Mandir,1,"going, helping, people, need",Neutral/Insufficient Data,Nice to work with them. Had new experience going and helping people in need. 
SID,2023-24,Youth Aid,1,"understanding, sustainability, employment",Neutral/Insufficient Data,A great learning and understanding of sustainability and employment
SID,2024-25,ISKCON,8,"made, communication, rather, direct, impact",Positive,would rather work with Ngo that has a made direct impact on society. 
SID,2024-25,Climate Troopers,6,"assinged, programme, understand, capabilities, communication",Positive,Service learning programme helped me understand my capabilities
SID,2024-25,Seva Sahayog,6,"timely, ensure, smooth, coordination, aviod",Positive,timely communication form the NGO could have lead to a smoother project. 
SID,2024-25,Poornam Ecovision,3,"communication, stress, management, improved, feedback",Positive,time and stress management and communication improved
SID,2024-25,10 Stitch Youthaid,2,"organization, leadies, helpful, friendly",Neutral/Insufficient Data,Had a great experience working with the organization
SID,2024-25,Project Asmi,2,"start, rocky, session, started, going",Neutral/Insufficient Data,I feel the start was bit rocky but the better session started going smoothly and systematically.
SIHS,2020-21,I Gift Life,71,"donation, organ, learn, taught, tasks",Positive,It was a good experience which made more evolved with my surrounding.
SIHS,2021-22,Scope,19,"support, guidance, community, want, transportation",Positive,Encouraging opportunity to develop own ideas
SIHS,2021-22,Scope/Pcmc,4,"transportation, servie, been, provided, institute",Positive,Transportation servie should have been provided by institute
SIHS,2022-23,Sarthiee,6,"wonderful, helps, increase, self, confidence",Positive,It was wonderful experience with service learning and it was really helps me to increase my self of confidence.
SIHS,2022-23,Shb  Social,6,"less, promising, towards, cooperative, director",Positive,"Service learning project helped me to grow and learn in many aspects of my life, it helped me to make new communication, made me more confident, intellectual. I gained responsibility and more commitments."
SIHS,2022-23,Being Volunteer,5,"helpful, community, people, personal, basis",Positive,The service learning project was very helpful for me on a personal basis. It grow my interest on community service & taught me the importance & team work.
SIHS,2022-23,Samavedana,4,"here, personal, gained, staff, environment",Positive,"About my personal experience, I have gained much."
SIHS,2022-23,Shb Social,3,"people, grow, learn, many, aspects",Positive,"Service learning project helped me to grow and learn in many aspects of my life, it helped me to make new communication, made me more confident, intellectual. I gained responsibility and more commitments."
SIHS,2022-23,Sunshine Child Development Center,2,"worked, turned, well, handling, special",Neutral/Insufficient Data,Overall the Project we worked on turned out very well. We got really good experience of handling the special children.
SIHS,2022-23,Casp India,1,"friendly, course, giving",Neutral/Insufficient Data,It was best experience for working with NGO. They were so friendly and help in things. Thanks for the course service learning for giving me a good experience.
SIHS,2022-23,Shb,1,"people, myself, build, relationship, gave",Neutral/Insufficient Data,Service learning helped me to work on myself and helped me to build relationship with new people & it gave me enough satisfaction and also get an exposure to work with new people.
SIHS,2023-24,Eklavya,10,"mental, health, support, been, gratitude",Positive,It was a different experience which gave me an insight as to how much more work needs to be put in for developing the current situation of mental health of the society
SIHS,2023-24,A Ray Of Hope Charitable Trust,8,"people, received, adequete, enthusiasm, desire",Positive,Overall it was a great experience. Got to meet and explore people
SIHS,2023-24,Om Gramanye Institute Of Educational Excellence,8,"promote, build, confidence, helps, shine",Positive,Service Learning promote and build confidence as it helps us to shine in an unknowen area between people
SIHS,2023-24,Wings For Dreams,8,"promote, build, confidence, helps, shine",Positive,Service Learning promote and build confidence as it helps us to shine in an unknowen area between people
SIHS,2023-24,Scope,7,"community, gave, peak, into, lives",Positive,This experience with Service Learning gave me a peak into the lives of less privilaged people and really evoke a feeling of giving back to the society
SIHS,2023-24,Suhrc,6,"patients, hospital, environment, gave, exposure",Positive,Working in hospital environment gave me exposure and hands on experience of bonding with patients. I learned how to listen to patients problems
SIHS,2023-24,Sunshine Child Development Centre,6,"these, kids, specially, abled, taught",Positive,These specially abled kids taught me innocence and love in whatever they did. These kids always has a sense of affection and satisfaction
SIHS,2023-24,Being Volnteer,5,"join, after, helpful, signeture, page",Positive,"The student was good in his work, he is doing hard and smart work,alsohe has spend good time with NGO"
SIHS,2023-24,Seva Arogya,4,"community, serving, back, finally, months",Positive,Finally this two months journey of community work came to an end. There is satisfaction in reaching out to the marginalized and doing something for them. What more is needed?
SIHS,2023-24,Y4D,3,"greatful, gained, knowledge, content, provided",Positive,I have gained lot of knowledge and experience at Y4D. I am greatful and content with my experience
SIHS,2023-24,Aniket Sevabhavi Sanstha,2,"helpful, throughout, cooperative, whole, period",Neutral/Insufficient Data,The NGO was very helpful and cooperative throughout the whole service period
SIHS,2023-24,Itti'S Skill School,2,"module, public, indeed, thebeautifullest, acedemic",Neutral/Insufficient Data,"This module indeed one of thebeautifullest module of my acedemic journey in Symbiosis.A great opportunity to experience, understand ground level problems and think for innovative solutions in making things better.A direct platform to create an impact"
SIHS,2023-24,Al Injaz International Pvt. School,1,"allowed, interact, people, specially, children",Neutral/Insufficient Data,This experience with Service Learning allowed me to interact with the people specially with children
SIHS,2023-24,Anugraha,1,"expreiencing, atutistic, chlidren, close, after",Neutral/Insufficient Data,"Expreiencing atutistic chlidren up close, after only reading about them in textbooks, provided in valuable insights onto their world. This first hand experience enriched my understanding of LD and autism"
SIHS,2024-25,Being Volunteer,20,"well, coordinated, public, speaking, enhanced",Positive,"This project enhanced my confidence, public speaking skills, knowledge. Also made me learn ground level reality."
SIHS,2024-25,Suhrc,11,"apportunity, being, touch, patients, taking",Positive,"It was a meanngful journey that enhanced my understanding of compassion, patuence centered care. Added in the growth of empathy"
SIHS,2024-25,Samyak De-Addiction Centre And Rehabilitation Centre,9,"course, field, small, therapy, sessions",Positive,I learned that small action can have big impcts. Even helping someone with simple tasks like sharing short stories during art therapy sessions contributed to their overall progress. It made me realize how Service Learning isn't just a task but a mindset of support and compassion
SIHS,2024-25,Scope,9,"well, organized, insightful, wonderful, support",Positive,Had wonderful learning experience with great support and supervision
SIHS,2024-25,Sevadeep,9,"distribution, community, play, crucial, role",Positive,"Sevadeep play a crucial role in food preparetion & distribution, Cloth distribution and charity work, Helping vulnerable community, their continued support is impacatful."
SIHS,2024-25,Sunshine Child Development Centre,8,"inspiring, truly, disabled, dedication, made",Positive,Learned about verious skills and qualities of disabled kids.I t is inspiring to see their stuggles despite their disabilities.
SIHS,2024-25,Anugraha,4,"future, foundation, change, perspective, worked",Negative/Mixed,It did not change my future job perspective
SIHS,2024-25,Care,3,"society, made, overwelming, opening, where",Positive,"It was overwelming, eye opening on where our society and education system stand.It made me more appriciative for the resources I have and contribute more to society"
SIHS,2024-25,Y4D,3,"here, only, serve, community, learn",Positive,Working here not only helped me use my skills to serve the community but also learn a lot in the process
SIHS,2024-25,Itti'S Skill School,2,"during, projet, period, absence, supervision",Neutral/Insufficient Data,During my projet period the absence of supervision made it hard to seek support or feedback
SIHS,2024-25,"Sub. District Hospital, Tumsar, Mh",2,meaningful,Neutral/Insufficient Data,This opportunity was a great learning experience
SIHS,2024-25,Swarnavihar Oldage Home,2,"public, speaking, enhanced, confidence, knowledge",Neutral/Insufficient Data,"This project enhanced my confidence, public speaking skills, knowledge. Also, made me learn ground level reality."
SIHS,2024-25,The Blessed One,2,"enriched, offered, chance, engage, closely",Neutral/Insufficient Data,A very enriched experience. It offered me a chance to engage closely with special needs children
SIHS,2024-25,Eklavya  Formental Health,1,,Neutral/Insufficient Data,Good experience
SIHS,2024-25,Mai Baal Bhavan,1,"supportive, throughout, whole",Neutral/Insufficient Data,The NGO was really supportive throughout the whole project time
SIHS,2024-25,Suvarnavihar Old Age Home,1,"opening, grounded, socially, responsible, inspired",Neutral/Insufficient Data,"This was an eye opening experience. I feel more grounded, socially responsible, inspired to continue to contribute for meaningful community engagement"
SIHS,2024-25,Swarnavihar Old Age Home,1,"enhanced, ability, apply, acedemic, knowledge",Neutral/Insufficient Data,This experience enhanced my ability to apply acedemic knowledge to real life settings
SIT-Nagpur,2023-24,Agresor,2,"wish, worked, beginning, collabration",Neutral/Insufficient Data,we wish worked with them from beginning for better collabration
SIT-Nagpur,2023-24,Maitree Parivar Sanstha,2,"choice, shuold, order, effectively, technical",Neutral/Insufficient Data,Choice of shuold be given to the students in order to work effectively
SIT-Nagpur,2023-24,Apna,1,"supportive, learnt, course",Neutral/Insufficient Data,The NG was very supportive and we learnt a lot in this course
SIT-Nagpur,2024-25,Avabodh,35,"group, created, relation, every, task",Positive,"By the project in service learning, our group created a good relation with the NGO and got good experience. "
SIT-Nagpur,2024-25,Agresar,13,"provided, opportunities, technical, does, however",Positive,NGO was good and provided various opportunities to excel.
SIT-Nagpur,2024-25,Cancer Awerness And Rehabilitation,10,"carf, plesent, team, educational, friendly",Positive,our team enjoyed work with CARF. It was a very educational experience. 
SIT-Nagpur,2024-25,Kara,7,"events, held, sucessfully, helpful, learnt",Positive,Enjoying working with Kara foundation
SIT-Nagpur,2024-25,Youth For Seva,7,"youth, sewa, betterment, society, seva",Positive,it was great experience working with youth for sewa for betterment of society. 
SIT-Nagpur,2024-25,Sw. Bhanutai Gadkari Gramin Vikas Sansthan,6,"mentor, over, satisfied, well, mentors",Positive,over all we satisfied with the NGO as well as NGO mentors. 
SIT-Nagpur,2024-25,Shree Satyasai Vidyamandir,5,"provided, expeirence, interact, benefits, please",Positive,it was a great expeirence overall to work with them and interact. 
SIT-Nagpur,2024-25,The Satsung,4,"well, helpful, satsang, foundation, provides",Positive,The satsang foundation provides a free of cost medical services in rural as well as urban areas which contributes in growing society. 
SIT-Nagpur,2024-25,Apna,3,"inspirng, dedication, making, difference, evident",Positive,"working with the NGO was inspirng, and their dedication to making a difference was evident in every project we undertook. "
SIT-Nagpur,2024-25,Niramay Bahu Udeshiya Sanstha,3,"staff, understood, need, provided, full",Positive,I understood the need of service learning 
SIT-Nagpur,2024-25,Vidharbha Vaibhav,3,"enviornment, supportive, well, cooperative, lots",Positive,Excellent enviornment for students to work it. 
SIT-Nagpur,2024-25,Natraj Niketen Sansthan,2,"water, here, learnt, many, facts",Neutral/Insufficient Data,Here we learnt so many facts related to water and began our journey to be an water expert. The NGO supporter is throughout.
SIT-Nagpur,2024-25,Maitree Parivar,1,"lack, communication",Neutral/Insufficient Data,Lack of communication. 
SIT-Nagpur,2024-25,Rotary Club,1,"rotry, club, nagpur, south, consistently",Neutral/Insufficient Data,Rotry club of nagpur south consistently upholds a strong commitment to community development. 
SIT-Nagpur,2024-25,Sharwari Wasnik,1,"management, weekly, review, helpful",Neutral/Insufficient Data,The management and the weekly review of the project was really helpful.
SIT-Pune,2021-22,The Akshya Patra Founation,170,"tapf, contribute, childeren, pleasure, towards",Positive,Had a grate time warking with different group of people.
SIT-Pune,2021-22,Akshaypatra,68,"children, society, towards, akshaypatra, organization",Positive,I will cotinue to provide any service to the NGO in the form of technical assitance along with any other kind of help
SIT-Pune,2021-22,The Akshay Patra  (Tapf),67,"tapf, childeren, helping, pleasure, satisfaction",Positive,Having the feeling in mind that come child somewhere will not sleep empty stomach gives me satisfaction.
SIT-Pune,2021-22,ExploreIT,62,"people, subject, learn, course, problems",Negative/Mixed,It was a effective and a nice experience
SIT-Pune,2021-22,-,14,"course, gave, necessary, life, become",Negative/Mixed,The service learning course made me aware of the daily life challenges and problens we face and to overcome on that on own skills.
SIT-Pune,2021-22,Janki Charitable Trust,8,"helpful, teach, efficiently, supervised, patience",Positive,I learned how to have patience when someone asks doubts more than one time
SIT-Pune,2021-22,Casp India,7,"supportive, self, process, easy, improvise",Positive,Working with the NGO helped me improvise my communication skills and also boosted my self confidance.
SIT-Pune,2021-22,Janaki Charitable Trust,6,"while, loved, helpful, boosted, self",Positive,I learned a lot while working for the NGO & it also boosted my self confidance.
SIT-Pune,2021-22,Centre For Developent Communication & Studies,4,"community, provided, teaching, institute, faculty",Positive,I would like to thank our institute and faculty member for providing us with this opportunity to serve the community as it also helped us to grow
SIT-Pune,2021-22,Resq Charitable Trust,4,"resq, eyeopening, achived, different, aspect",Positive,"This was a eye-opening experience for me, it achived a different aspect of mine."
SIT-Pune,2021-22,Rotary Club,4,"sense, only, community, gives, natural",Positive,Doing great to other and the community gives a natural sense of accoplisment and give you a sense of pride and indentify.
SIT-Pune,2021-22,I Gift Life,3,"soft, sing, page, available, perfect",Positive,I am thankful to I Gift Life NGO for helping me in improving my soft skills. These soft skills will play an important role in my future
SIT-Pune,2021-22,Exokireit,1,"course, eyeopening, insight, everyday, challenges",Neutral/Insufficient Data,The service learning course has given me an eye-opening insight on the everyday challenges of problems that I would have realized and gave me the necessary sills and networking to be able to play my part in providing soulutions and advocating awareness to Problem faced.
SIT-Pune,2021-22,M.G Education & Social Development Organization,1,"suggestion, everything, fine",Neutral/Insufficient Data,"No suggestion, everything is fine."
SIT-Pune,2021-22,M.G Education Society,1,"suggestions, everything, fine",Neutral/Insufficient Data,"No suggestions, everything is fine"
SIT-Pune,2021-22,Mg Education & Social Development Organization,1,"everything, fine",Neutral/Insufficient Data,Everything is fine.
SIT-Pune,2021-22,Poonawala,1,"course, eyeopening, insight, everyday, challenges",Neutral/Insufficient Data,The service learning course has given me an eye-opening insight on the everyday challenges of problems that I would have realized and gave me the necessary sills and networking to be able to play my part in providing soulutions and advocating awareness to Problem faced.
SIT-Pune,2021-22,Robin Hood Army,1,"faced, know, various, prolems, people",Neutral/Insufficient Data,We got to know various prolems faced by the people living below poverty line sch as hunger issues faced on a daily basis
SIT-Pune,2021-22,Symbiosis Poonawala,1,"course, eyeopening, insight, everyday, challenges",Neutral/Insufficient Data,The service learning course has given me an eye-opening insight on the everyday challenges of problems that I would have realized and gave me the necessary sills and networking to be able to play my part in providing soulutions and advocating awareness to any problem I want to help solve/want adressed
SIT-Pune,2021-22,Zero West Activity,1,"course, revelated, problems, been, ignoring",Neutral/Insufficient Data,The course has revelated to me a lot of problems that I have been ignoring since a long time. It has given me all the required skills to play my part to save the planet and make it a better place to live in.
SIT-Pune,2022-23,ISKCON,60,"contribution, society, iskcon, individual, towards",Positive,We learned about individual contribution towards society.
SIT-Pune,2022-23,I Gift Life,34,"gift, life, support, supervisor, well",Positive,"NGO should be more empathetic, professional "
SIT-Pune,2022-23,Sevadeep,15,"guided, each, every, step, helpful",Positive,"Amazing staff, highly recommend this NGO, very helpful and doing some amazing work for society."
SIT-Pune,2022-23,Resq,11,"resq, learn, support, animals, need",Positive,"My in charge at NGO, miss Pallavi was very assisting in changing my energy towards helping all about of animals and wild life at RESQ"
SIT-Pune,2022-23,Muskan,10,"introduced, grateful, altogether, learn, societal",Negative/Mixed,Working for an NGO was a fruitful and enriching experience. I am glad I was able to serve the community.
SIT-Pune,2022-23,Giants Welfare,8,"community, such, helpful, quite, exciting",Positive,Working for the community was quite exciting & understood the need for such and work and will try to indulge in such activities in future.
SIT-Pune,2022-23,Moinee,8,"community, beautifully, organized, operate, winningly",Positive,This NGO is beautifully organized & they operate winningly. The effort of them on the community students is Phenomenal.
SIT-Pune,2022-23,Navkshitij,8,"wonderful, society, navkshitij, special, friends",Positive,It was an enlighten experience looking formed to more such interaction with our special friends & their educators.
SIT-Pune,2022-23,Sneh,8,"learnt, helping, sneh, mannered, unprofessional",Positive,Learned new things from Service Learning by helping NGO.
SIT-Pune,2022-23,Learning Links,7,"wonderful, hardworking, friendly, welcoming, gathered",Positive,The NGO was very welcoming and I gathered a lot from his service experience. 
SIT-Pune,2022-23,Scope,5,"labour, intensive, rewarding, subject, enjoy",Positive,"Service learning is a very labour intensive yet rewarding subject, one should enjoy it since you don’t realise how fast it ends."
SIT-Pune,2022-23,Bal Kalyan Sanstha,4,"teachers, learners, sweet, helpful, everyone",Positive,All the teachers & the learners were very sweet & helpful. We really enjoyed working with NGO.
SIT-Pune,2022-23,Doorstep School,4,"know, real, variety, volunteering, increase",Positive,Able to know real time project working
SIT-Pune,2022-23,Geolifeyouthclub,4,"community, glad, chance, self, reflection",Positive,I was glad to get the chance to help the community
SIT-Pune,2022-23,Make New Life,4,"speak, environment, productive, those, cant",Positive,We should speak for those who can't speak for themselves. Help animals.
SIT-Pune,2022-23,Pimpri Medical Relief & Research (/Trust),4,"every, small, organization, situation, helping",Positive,The NGO person was very co-operative & helped in every small situation.
SIT-Pune,2022-23,Sarvahitey,4,"guided, each, every, step",Positive,The NGO helped us and guided us on each & every step.
SIT-Pune,2022-23,Sit,4,"cadcam, painting, involved, accept, budget",Positive,"My work was about CAD/CAM with 3 D painting involved. Accept for the budget approach issues, I enjoyed the process."
SIT-Pune,2022-23,Sparsh Balgram,4,"friendly, supportive, organization, helpful, throughout",Positive,NGO was very supportive throughout the duration of the service learning course.
SIT-Pune,2022-23,"The Midway Journey,Aasam",4,"helpful, helping, community, welcoming, understanding",Positive,Learned a lot about helping the community
SIT-Pune,2022-23,Learning Link,3,"many, imitative, encouraged, perform, participate",Positive,The Service Learning imitative was good and it encouraged me to perform and participate in community service more often. I am glad for it
SIT-Pune,2022-23,Leukemia Crusaders,3,"interactive, reaming, individual, high, sense",Positive,It was a great experience working with NGO.
SIT-Pune,2022-23,Spread Happiness,3,"grateful, enlightening, support, faculty, introduced",Positive,"It was an amazing experience working with the NGO The service Learning has introduced us to altogether a new experience, We are grateful for this experience"
SIT-Pune,2022-23,Being Volunteer,2,"motivated, enthusiastic, dedicated, individuals, eagerly",Neutral/Insufficient Data,"Motivated, enthusiastic and dedicated individuals, eagerly willing to contribute to society."
SIT-Pune,2022-23,Bharati Sanskar Kendra,2,"learn, love, again, future, calming",Neutral/Insufficient Data,Got to learn a lot from this project and would love to do it again in future.
SIT-Pune,2022-23,Careship,2,"could, serve, duties, everyone, need",Neutral/Insufficient Data,"Working for an NGO is really new for us, As we could serve our duties to everyone who need it the most"
SIT-Pune,2022-23,Children'S Future India,2,"could, provided, children, teach",Neutral/Insufficient Data,The NGO could have provided more children for us to teach.
SIT-Pune,2022-23,Digantah Saksham,2,"supportive, groom, into, human, helpful",Neutral/Insufficient Data,The NGO was very supportive and help me groom into a better human.
SIT-Pune,2022-23,Door Step School,2,"office, expect, increase, visits, sites",Neutral/Insufficient Data,Expect office work increase the visits to sites & make it fell like NGO not an office.
SIT-Pune,2022-23,Indian Institute Of Tropical Methodology,2,"professors, mentors, super, helpful, assisting",Neutral/Insufficient Data,All professors and mentors were super helpful in assisting me throughout my educational experience and service learning.
SIT-Pune,2022-23,Mahatma Phule Apang Prashikshan Kendra,2,"society, apply, genuine, problem, solving",Neutral/Insufficient Data,SL has given us the opportunity to work and apply genuine problem- solving abilities for the development of the society.
SIT-Pune,2022-23,Make New Life Hijevadi,2,"interesting, glad, faculty, college, encouraged",Neutral/Insufficient Data,It was amazing experience working with the NGO. I am glad our faculty and college encouraged us to take this up.
SIT-Pune,2022-23,Mauli Seva Sagh,2,"mauli, seva, pratishthan, understand, many",Neutral/Insufficient Data,It was a great experience of working in Mauli Seva Pratishthan
SIT-Pune,2022-23,Swayam Shikshan Prayog,2,everything,Neutral/Insufficient Data,It was a great experience for a student.
SIT-Pune,2022-23,TARA Mobile Creches,2,"wonderful, helping, others",Neutral/Insufficient Data,It was a new and wonderful experience helping others.
SIT-Pune,2022-23,The Akanksha,2,"enriching, love, another, similar",Neutral/Insufficient Data,"An enriching experience overall, would love another similar opportunity."
SIT-Pune,2022-23,Wildlife Research & Conservation Society,2,"organization, wrcs, learnt, wish, couldnt",Neutral/Insufficient Data,In this organization of working with WRCS. We learnt a lot about this organization but we wish we couldn't found the chance to visit the work.
SIT-Pune,2022-23,Abhinav,1,"learn, support, others, heart, worming",Neutral/Insufficient Data,"It was a great experience with us got to learn, support to help others. It was a heart worming."
SIT-Pune,2022-23,Dattakrupa Farms,1,,Neutral/Insufficient Data,Was a nice experience working with them
SIT-Pune,2022-23,Teach For India,1,"gave, program, insight, challenging, maintain",Neutral/Insufficient Data,As a student this program gave me an insight on how challenging it can get to maintain a classroom an catena to the needs of every student. This gave me now found respect to all the teachers.
SIT-Pune,2022-23,The Society For Door Step School,1,"taught, plan, finances, results",Neutral/Insufficient Data,"The experience also taught me how to plan my time, finances and activities better for best results."
SIT-Pune,2023-24,ISKCON,58,"learn, self, helpful, staff, increased",Positive,Hard working & puntual students
SIT-Pune,2023-24,Isckon,18,"journey, these, smooth, learn, helpful",Positive,The journey so far was insighful and spiritual. Totally enjoyed working under these ciricumstauces. 
SIT-Pune,2023-24,ExploreIT,17,"course, intraction, verious, kind, community",Positive,"Enjoyed the expeirence, including both technical & non technical voluntiering."
SIT-Pune,2023-24,Dnyangatri Residential School,16,"during, made, focused, helpful, hours",Positive,The project and activities which I did during SL hours made me focused
SIT-Pune,2023-24,India Sponsorship Committee,15,"scope, improvement, avenues, women, empowerment",Positive,Service learning provided us a platform to expand our learning beyond classroom and give it back to the community.
SIT-Pune,2023-24,Scope,15,"knowledge, needy, totally, different, deliver",Positive,This was totally a different experience for me. Because I haven't intracted with the rural students ever before.
SIT-Pune,2023-24,Akshar Paaul,12,"nothing, greatful, akshar, paaul, cause",Positive,I am excited to work for more such NGO's and more non- Profits.
SIT-Pune,2023-24,Y4D,12,"community, course, engage, done, feedback",Positive,The project helped us in expanding our contacts and contributing in educating people. 
SIT-Pune,2023-24,Akshar Bharati,11,"akshar, bharti, people, initiative, getting",Positive,It will be great if the NGO collaborated with institute to help students
SIT-Pune,2023-24,Snehwan,10,"childeren, course, confidance, understand, taught",Positive,The serive learning course was very effective for me as it help me in developing my confidance and making a decision.
SIT-Pune,2023-24,Anugrah,9,"activity, helpful, development, foundation, people",Positive,This is a very helpful and development project which gave a good exposure to technology and tought me professionalism and team work.
SIT-Pune,2023-24,Being Volunteer,8,"social, bond, over, classmates, through",Positive,It was really fun working in an NGO. I got to bond over my classmates through this activity as well
SIT-Pune,2023-24,Jeevitnadi Living River,8,"growth, done, greatly, process, pesonality",Positive,The work done in the NGO has greatly helped in process of pesonality development and overall growth of character
SIT-Pune,2023-24,Sahya Sakha,8,"fulfilling, data, alongside, marked, support",Positive,This experience made me understand that service leaning is a noble and beneficial act to society that helps enrich the country and our lives.
SIT-Pune,2023-24,Seva Sahayog,8,"allowing, greatfull, keep, arateful, collaborate",Positive,We are greatfull to the ngo for allowing us to work with them.
SIT-Pune,2023-24,"Zp Schoo, Katarkhadak",8,"thinking, extrely, helpful, significant, during",Positive,"It has given me a new way of thinking, that is thinking about our decision what impact it can create "
SIT-Pune,2023-24,Bhaktivedanta Research Center,7,"indian, knowledge, insightful, greatful, aneient",Positive,The aneient indian knowledge system is insightful.
SIT-Pune,2023-24,Nfbm Jagriti School For Blind Girls,7,"love, further, continue, comments, visiting",Positive,Would love to help out the NGO more in whatever they need
SIT-Pune,2023-24,Ashni,6,"learnt, collaborative, learn, workplace, ethics",Positive,Learnt a lot about collaborative work
SIT-Pune,2023-24,Rising India Research,6,"enhanced, ability, independently, increased, self",Positive,Service learning enhanced my ability to work independently and increased my self confidance. 
SIT-Pune,2023-24,Savika Sanstha,6,"seen, initiatives, drive, change, dedication",Positive,"At the NGO, live seen impactful initiatives drive postive change with dedication & innovation."
SIT-Pune,2023-24,Ananda Kriya Yoga Aashram,5,"community, understanding, needs, volunteering, deepened",Positive,Volunteering throught service learning deepend my understanding of community needs. 
SIT-Pune,2023-24,"Janhavi , Pune",5,"encouraging, helpful, self, development, enlighting",Positive,It was very encouraging and helpful to work with ngo and it also helped in self development.
SIT-Pune,2023-24,"Janhvi , Pune",5,"showed, real, life, problems, solove",Positive,NGO showed us some real life problems and what are they doing to solove it. It made us work towards the community 
SIT-Pune,2023-24,Shikshanganga,5,"patience, done, someone, reality, life",Negative/Mixed,Learned a lot about patience and how to get our work done from someone
SIT-Pune,2023-24,Spread Happiness,5,"course, contribute, community, means, motivating",Positive,Service learning course was effctive means of motivating student to help ethics and contribute something to community.
SIT-Pune,2023-24,Naandi,4,"foundation, volunteering, drives, organization, naadi",Positive,I enjoyed my time at Naadi foundation
SIT-Pune,2023-24,Savika Sansthan,4,"seen, important, initiatives, drive, positive",Positive,"At the NGO, I have seen important initiatives that drive positive change with dedication & innovation. "
SIT-Pune,2023-24,Shivvardhan,4,"online, crowdfunding, platforms, engage, audience",Positive,learning online crowdfunding platforms to engage a louder audience and solicuit donations from supporter. 
SIT-Pune,2023-24,Anugraha,3,"staff, empathetic, towards, childeren, learn",Positive,The staff was very empathetic towards the childeren & helped us learn a lot. 
SIT-Pune,2023-24,Mamata,3,"development, feeling, empathy, made, broadminded",Positive,The project helped as it development a feeling of empathy in me. It made me more broad-minded and tought to accept different communities.
SIT-Pune,2023-24,Sevadeep,3,"comments, must, activity, done, support",Positive,"As a student, this is a must do activity to be done."
SIT-Pune,2023-24,Sevasahyog,3,"provided, helpful, broadeing, vision, expanding",Positive,The service learning experience provided to be really helpful & fun in broadeing my vision
SIT-Pune,2023-24,Sneh,3,"makes, communitities, open, minded, helps",Positive,"Working in communitities makes our open minded helps realize their ownership, good listner, and makes one more humble, mindful and reflective."
SIT-Pune,2023-24,Aandgoan And Khechare Village Z.P School,2,"positive, assignment, impact, lives, provided",Neutral/Insufficient Data,Service learning assignment given to us had a very positive impact on our lives and provided us a good experience. 
SIT-Pune,2023-24,Abnormal Home Manaviya Sanshodhan Sanstha,2,"course, importance, important, challenged, normal",Neutral/Insufficient Data,This course is of very much importance as it is very important to help challenged students like this feel normal and expose themselves to the works. 
SIT-Pune,2023-24,Akanksha,2,"recommend, eveeryone, volunteer",Neutral/Insufficient Data,I would recommend eveeryone to volunteer at this NGO. 
SIT-Pune,2023-24,Akansha,2,"enlighted, hardwork, into, helping, ethics",Neutral/Insufficient Data,"I enjoyed working with the NGO, it enlighted me to all the hardwork that is put into helping ethics."
SIT-Pune,2023-24,Akshar Bharti,2,"collaborate, intitute, towards, helping, possible",Neutral/Insufficient Data,I would like the NGO to collaborate with intitute towards helping in any possible way
SIT-Pune,2023-24,Being Volunteer Foudation,2,"society, volunteering, activity, engage, sections",Neutral/Insufficient Data,Our volunteering activity helped us to engage with all sections of society. We had an enlightening experience.
SIT-Pune,2023-24,India Research,2,"enhanced, ability, independently, increased, self",Neutral/Insufficient Data,Service learning enhanced my ability to work independently and increased my self confidance. 
SIT-Pune,2023-24,Intach Pune,2,"community, intach, personal, social, causes",Neutral/Insufficient Data,"Personal, Social, causes related skills were work upon, there was a lot to learn from the community members of INTACH, and was a great field experience. "
SIT-Pune,2023-24,Isckon Camp,2,"course, boost, self, confidence, heightened",Neutral/Insufficient Data,This course helped me boost my self confidence and also heightened my sense of soft skills. 
SIT-Pune,2023-24,Jeevitnadi The Living River .,2,"volunteering, personality, development, ground, character",Neutral/Insufficient Data,"Volunteering in this NGO, really helped in personality development & ground of character. "
SIT-Pune,2023-24,L&T,2,"course, intraction, verious, kind, people",Neutral/Insufficient Data,"The overall experience was excellent in this course, we had intraction with verious kind of people and learned how to handle their questions"
SIT-Pune,2023-24,"Lend A Hand, India",2,"provide, perform, tasks, learnt, collaboration",Neutral/Insufficient Data,would have provide some more time to perform our tasks. 
SIT-Pune,2023-24,New Vision,2,"understand, social, issues, instilled, empathy",Neutral/Insufficient Data,The service learning project helped me understand social issues. Instilled empathy and socially responsible person.
SIT-Pune,2023-24,Sahaya Sakha,2,"conversation, head, found, avenues, those",Neutral/Insufficient Data,"Had good conversation with ngo head. Found new avenues, how we can help those in need."
SIT-Pune,2023-24,Shikshan Ganga,2,"volunteering, shikshanganga, foundation, enriching, gained",Neutral/Insufficient Data,Volunteering at Shikshanganga foundation was an enriching experience. I gained insight into many aspects of community. 
SIT-Pune,2023-24,Shivvardhan Knowledge,2,"truly, fulfilling, being, such, meaningful",Neutral/Insufficient Data,Working with the NGO was truly fulfilling and I felt great being part of such a meaningful endeavor. 
SIT-Pune,2023-24,TARA Mobile Creches,2,"learn, independent, improve, social, place",Neutral/Insufficient Data,Service learning has helped me learn to the more independent of improve my social skills. 
SIT-Pune,2023-24,Z.P School Aandgoan,2,"faced, postive, despite, hiccups, during",Neutral/Insufficient Data,"The service learning project was overall very postive and fun experience, despite of the hiccups we faced during the project. "
SIT-Pune,2023-24,Anand Sangh,1,"volunteering, through, deepened, understanding, community",Neutral/Insufficient Data,Volunteering through service learning deepened my understanding of community needs. 
SIT-Pune,2023-24,Ananda Kiya Yoga Aashram,1,"volunteering, throught, understaud, importance, helping",Neutral/Insufficient Data,Volunteering throught service learning helped me understaud the importance of helping others. 
SIT-Pune,2023-24,Ananda Sangha,1,"volunteering, through, deepened, understanding, community",Neutral/Insufficient Data,Volunteering through SL deepened my understanding of community needs
SIT-Pune,2023-24,Bhaktivedanta Research Centre,1,,Neutral/Insufficient Data,Overall it was a nice experience
SIT-Pune,2023-24,Idea,1,"helful, supervisor",Neutral/Insufficient Data,"Overall good, very helful supervisor"
SIT-Pune,2023-24,Intach,1,"intach, fully, goin, insights, rich",Neutral/Insufficient Data,working of INTACH. Fully helped me goin insights on rich hasitage of pune & application of collected data on same. 
SIT-Pune,2023-24,L&T & Scope,1,"course, intraction, verious, kind, people",Neutral/Insufficient Data,"The overall experience was excellent in this course, we had intraction with verious kind of people and learned how to handle their questions"
SIT-Pune,2023-24,Maha  Federation.,1,"helpful, programme",Neutral/Insufficient Data,Helpful programme.
SIT-Pune,2023-24,Make New Life,1,"gained, knowledge, many, because, iskcon",Neutral/Insufficient Data,I gained knowledge and learned about many new things because of the service learning in Iskcon
SIT-Pune,2023-24,Mamta,1,"development, feeling, empathy, made, broadminded",Neutral/Insufficient Data,The project helped as it development a feeling of empathy in me. It made me more broad-minded and tought to accept different communities.
SIT-Pune,2023-24,Mind Empowered,1,"making, designs, realize, passion, people",Neutral/Insufficient Data,I enjoyed working at the NGO. Making designs helped me realize my passion and also help other people. 
SIT-Pune,2023-24,Shri Swami Samartha Charitable Trust,1,"programme, institutes, conduct",Neutral/Insufficient Data,An excellent Programme that all institutes should conduct
SIT-Pune,2023-24,"Spread Happiness 

Maharashtra-411031",1,"personal, growth, community",Neutral/Insufficient Data,"Personal growth, working for the community."
SIT-Pune,2024-25,Scope,90,"drive, plantation, awerness, promoted, practical",Positive,"Service learning fosters practical skills, responsibility and empathy by combining community service with academic learning "
SIT-Pune,2024-25,ISKCON,35,"people, community, contribute, well, society",Positive,I am grateful for the opportunity to loved to know about IKS. It was a peaceful experience
SIT-Pune,2024-25,Akshar Paaul,33,"akshar, postive, paul, support, every",Positive,Every individual must experience this activity
SIT-Pune,2024-25,Sevadeep,31,"must, gained, knowledge, activity, postive",Positive,"Initiatives like these, Sevadeep does create a major mark on the community and I feel priveleged to have worked as a part of it"
SIT-Pune,2024-25,Janwani,11,"helpful, wonderful, team, janwani, disciplned",Positive,"I had a wonderful experience, working wilth the ngo. I learned humility, working in a team and the benefits of sustainable practices to prdect the world. "
SIT-Pune,2024-25,Anugraha,9,"understanding, helpful, instructions, foundation, challenged",Positive,working with foundation helped me understanding how internally challenged people are different and how much difficulty they face in listening prossing staff. 
SIT-Pune,2024-25,Swayam Shikshan Prayog,9,"well, helpful, giving, chance, aware",Positive,Thankful to my institute for giving me a chance to work for an ngo. Become aware of the harships faced by women enterprises and how to help them. 
SIT-Pune,2024-25,Association Of Manipuri Diaspora (Amand),8,"learnt, creat, production, provided, task",Positive,great opportunity and learning experience
SIT-Pune,2024-25,ExploreIT,8,"thankful, institute, giving, society, countribute",Positive,"Choosing to help NGO, helped me gain self confidence & also developed team spirit"
SIT-Pune,2024-25,"Door Step School , Pune",7,"enriching, confidence, dssf, teamwork, improve",Positive,help improve me my communication skills
SIT-Pune,2024-25,Majha Ghar,7,"valuable, programme, helpful, shaping, person",Positive,The programme was very helpful in shaping me as good person for the society. 
SIT-Pune,2024-25,Akanksha,6,"coordinator, akansha, foundation, improve, teamwork",Positive,"I like the ineractions with the volunteer coordinator, which was very insighful as to how to make the project better for them to use. "
SIT-Pune,2024-25,Spandan Care,6,"provides, physical, emotional, medical, support",Positive,NGO staff and supervisor were very helpful
SIT-Pune,2024-25,Idea,5,"tried, provide, geninue, coordinator, supportive",Positive,Service learning helped me understand how can I serve developing and help them.
SIT-Pune,2024-25,Intach Pune Chapter,5,"helpful, enhanced, ability, team, increased",Positive,"Service learning enhanced my ability to work with team, increased my self confidence and gave idea of world actual working. "
SIT-Pune,2024-25,Isckon,5,"through, isckon, improved, skill, iskcon",Positive,"through my SL at ISCKON, I have improved my skill. "
SIT-Pune,2024-25,Matoshri Samajik Sanstha,5,"understand, program, serve, communtiy, contribute",Positive,These programmes have helped me contribute to community service in depth. 
SIT-Pune,2024-25,Navkshitij,5,"course, gain, real, worlds, supportive",Positive,I thinks this service learning experience helped me to understand many of my shortcomings and I plan to improve on them
SIT-Pune,2024-25,Rotary Club,5,"taught, true, value, responsibility, commitment",Positive,Working in the NGO taught me the true value of responsibility and commitment to become greater than myself.
SIT-Pune,2024-25,Janhavi,4,"gained, insight, works, impact, created",Positive,gained the insight on how our ngo works and what impact they have created on daily lines of people who are connected with them. 
SIT-Pune,2024-25,Psr Sustainability,4,"done, greatly, process, personlity, development",Positive,The work done in the ngo has greatly helped in the process of personlity development and overall growth of character.
SIT-Pune,2024-25,Sare Jahan Se Acha,4,"sare, acha, foundation, jaha, soci",Positive,Working with sare jaha se acha soci economic foundation was a great learing experience
SIT-Pune,2024-25,Seer Bharat,4,"surely, society, contribution, changed, prespective",Positive,This contribution surely changed my prespective about my responsiblities towards society. Everybody in the foundation was very cooperative & helped me improve my skills.
SIT-Pune,2024-25,Akshar Bharati,3,"enhanced, ability, team, increased, self",Positive,"Service learning enhanced my ability to work with team, increased my self confidence & gave idea of world actual working. "
SIT-Pune,2024-25,A Ray Of Hope Charitable Trust,2,"well, done",Neutral/Insufficient Data,well done
SIT-Pune,2024-25,Apla- Ghar,2,"learn, does, assigned, learnt, fullstack",Neutral/Insufficient Data,helped me learn a lot of new things about the work ngo does and the work which was assigned to us. 
SIT-Pune,2024-25,Avisys Cares,2,"organization, learnt, during, gained, while",Neutral/Insufficient Data,A lot of things were learnt during the time working in the organization and experience was gained while working in this service learning project. 
SIT-Pune,2024-25,Avisys Services,2,"learnt, terms, cooperate, environment",Neutral/Insufficient Data,learnt a lot in terms of how things work in a cooperate environment. 
SIT-Pune,2024-25,Bhaktivedanta Research Centre,2,"society, contribute, well, being, using",Neutral/Insufficient Data,it was an amazing experience to contribute in the well being of the society of the society using skills I learnt in college. 
SIT-Pune,2024-25,"Dharmaveer Shambajiraje Pratishthan (Ashram, Vrudashram, Ghoshala)",2,"over, course, engagment, interacted, under",Neutral/Insufficient Data,"Over the course of my engagment, I interacted with students from under privillaged background. Who were full of potential creativly. "
SIT-Pune,2024-25,Sant Baba Monisaheb Vriddha Anand Ashram,2,"greatful, supportivity, ashram, provided, practical",Neutral/Insufficient Data,Greatful for the supportivity to work with Ashram
SIT-Pune,2024-25,Savika,2,"seen, impactful, initiatives, drive, postive",Neutral/Insufficient Data,at the NGO I have seen impactful initiatives drive postive changes with dedication and innovation 
SIT-Pune,2024-25,The Ecological Society,2,"ecological, society, increased, knowledge, world",Neutral/Insufficient Data,The ecological society has increased my knowledge of the world we live and the awareness to do better to satisfy it. 
SIT-Pune,2024-25,Animal Angels,1,"fear, animals, mind",Neutral/Insufficient Data,Learned new things and got the fear of animals out of the mind . Overall great experience. 
SIT-Pune,2024-25,Iskon,1,"learn, integreate, practical, knowledge, people",Neutral/Insufficient Data,we have learn to integreate our practical knowledge to help people socially
SIT-Pune,2024-25,Sahayata,1,"fosters, practical, civil, responsiblitiy, empathy",Neutral/Insufficient Data,"Service learning fosters practical skills, civil responsiblitiy and empathy by combining community service with academic learning for mutual growth. "
SIT-Pune,2024-25,Umed Pariwar,1,"umed, parivar, surely, visit, again",Neutral/Insufficient Data,Had a great fun with Umed parivar will surely try to visit again 
SSLA,2021-22,Child Rights And You,2,"online, initiative, teaching, taking, learn",Neutral/Insufficient Data,"Teaching a student online was a new experience for me. Taking up this initiative, helped me learn a lot in terms of planning, cooperation, and time management."
SSLA,2021-22,Grassroot,2,"gave, insight, into, capabilities, known",Neutral/Insufficient Data,The experience gave me an insight into my capabilities and skills and let me known what I shuld work on more
SSLA,2021-22,Red Dot,2,"thankful, everyone, possible, postive, made",Neutral/Insufficient Data,"Overall, it was a very postive experience and I am thankful to everyone who made it possible for me to do so."
SSLA,2021-22,Animalia-Welfare And More,1,"recommend, animalia, welfare, dhabi, rest",Neutral/Insufficient Data,"I would recommend at Animalia- Welfare and more to an abu Dhabi, UAE, and rest assured that they will have a fantastic and enlightening experience."
SSLA,2021-22,Design For Change,1,"solely, duirng, summer, break, where",Neutral/Insufficient Data,"If I was able to do this solely duirng my summer break where I could give it utmost attention, then it could've been a more fruitful experience. It become particulary hard doing it alngside classes and the university mandated"
SSLA,2021-22,For The Menstruator,1,"number, site, online, program, pandemic",Neutral/Insufficient Data,I did not do on site work. I did an online COP program due to the pandemic and hence I have not  marked a number in point number 4 above.
SSLA,2021-22,Lit The Light Trust,1,"although, community, done, remote, basis",Neutral/Insufficient Data,"Although my community service was done on a remote basis, I believe I was able to contribute meaningfully to the organization. I am very gratful for my supervisor, Mr. Barath and coordinator Ms. Mohanapriya for making sure I was equipped enough to have an impactful experience."
SSLA,2021-22,Shashwat Eco Solution,1,"cordial, professional, environment",Neutral/Insufficient Data,very cordial and professional work environment.
SSLA,2021-22,Teach For India,1,"organisation, well, organised, advance, operations",Neutral/Insufficient Data,The organisation is very well organised and is very advance in their operations.
SSLA,2021-22,The (Atrina  ),1,"catrina, foundation, incredibly, enrching, insightful",Neutral/Insufficient Data,My experience working with the catrina foundation was incredibly enrching and insightful. It has created a lasting impact on my life.
SSLA,2021-22,The Catrina,1,"catrina, foundation, enriching, insightful",Neutral/Insufficient Data,my experience working with the Catrina Foundation was enriching and insightful.
SSLA,2021-22,The Indian Gender Project,1,"ways, organization, shaped, thinking, stay",Neutral/Insufficient Data,My learning experience at this organization has shaped my ways of thinking in ways that will stay with me for a long time.
SSLA,2021-22,The Intelligent Indian,1,"gain, hands, fundraising, gave, lesson",Neutral/Insufficient Data,Working with NGO helped me gain hands on experience of fundraising and gave a lesson of onsite work.
SSLA,2021-22,The Mabav,1,"thus, could, community, done, online",Neutral/Insufficient Data,"The community service was done online, thus there could be no on site supervision. I was meant to do research on social media to generate insights for Manav, thus there could be no training for that."
SSLA,2021-22,The Society For Door Step School,1,recommend,Neutral/Insufficient Data,It was a good experience and I would recommend this NGO to other 
SSLA,2021-22,Vivekananda Girijana Kalyana Kendra,1,"organisation, effort, increase, number, volunteers",Neutral/Insufficient Data,The organisation can make an effort to increase the number of volunteers who can help the staff and faculty during their period of commitment. It would also aid in advertising the products of the community more.
SSLA,2022-23,Module,4,"enriching, loved, although, online",Positive,"Although it was online, it was all n all enriching experience"
SSLA,2022-23,Yasham,4,"contribution, community, perceived, owing, realization",Positive,The contribution to the community was perceived to be low owing to the realization of the magnitude of students who deal with the same struggles
SSLA,2022-23,Prerna Childre'S Home,2,"challenges, faced, aspiration, specific, pandemic",Neutral/Insufficient Data,The challenges faced with aspiration specific to pandemic related incidences within sufficient personnel
SSLA,2022-23,Bhumi,1,online,Neutral/Insufficient Data,I did it online 
SSLA,2022-23,"Ghar, Sant Ishwar",1,"ghar, though, organization, commandable, greatful",Neutral/Insufficient Data,Ghar though a new organization is doing commandable work. I was greatful to be associated with institution
SSLA,2022-23,Global Village,1,"improve, relationship, faculty",Neutral/Insufficient Data,Would like to improve relationship with faculty
SSLA,2022-23,Khayaal,1,"online, volunteering, therefore, lags, ground",Neutral/Insufficient Data,It was a online volunteering therefore it lags a lot of on ground and personal experience
SSLA,2022-23,Resq Charitale Trust,1,"point, fully, satisfactory, case, because",Neutral/Insufficient Data,Point 3 was not fully satisfactory in my case because I was one of the first to join as volunteer as the orgaization reopened after the pandemic. But they now orient volunteers well. 
SSLA,2022-23,Saare Jahan Se Acha,1,"orgaization, been, prompt, communication, people",Neutral/Insufficient Data,The orgaization should have been more prompt in their communication and have more people work/volunteer with them
SSLA,2022-23,Seva Niketan,1,"needs, active",Neutral/Insufficient Data,The NGO needs to be more active
SSLA,2022-23,Shape,1,"covvid, pendemic, site, supervision, trainning",Neutral/Insufficient Data,Due to Covvid-19 pendemic on site supervision or trainning was not possible
SSLA,2022-23,Where Are India'S Children,1,"orgaization, functions, online, onsite, supervision",Neutral/Insufficient Data,The Orgaization functions online and so there was no onsite supervision
SSLA,2023-24,Akanksha,7,"insights, domain, worked, helpful, gave",Positive,The project has definitly helped me gain insights into a new domain and a better understanding of SL
SSLA,2023-24,Child Rights And You,4,"enriching, memorable, child, rights, beneficiasl",Positive,My time at NGO was memorable one
SSLA,2023-24,National Organization For Social Empowerment (Nose),3,"organization, most, enlightening, inspiring, places",Positive,The organization was one of the most enlightening and inspiring places I have ever been to
SSLA,2023-24,Doers- Humaniterian Organization,2,"could, learn, collaborate, expand, wholeheartedly",Neutral/Insufficient Data,"I could learn, collaborate and expand my skills"
SSLA,2023-24,Hope For The Children,2,"enriching, opening, foundation, patient, polite",Neutral/Insufficient Data,Enriching and eye opening experience
SSLA,2023-24,"Irrawaddy Green Towers Ltd. Yan, Myanmar",2,"department, gave, insights, into, various",Neutral/Insufficient Data,Overall  the experience of working in the CSR department gave me insights into the various ways to reach out to communities in need 
SSLA,2023-24,Jeevit Nadi,2,"organization, mentor, shuba, madam, beacon",Neutral/Insufficient Data,My mentor Shuba madam was a beacon of support. I had great time working with NGO
SSLA,2023-24,Kai. Wamanrao Oka Blood Centre,2,"gained, knowledge, verious, topics, centre",Neutral/Insufficient Data,I learned a lot and gained knowledge of verious topics
SSLA,2023-24,Lele Community Development Centre,2,"engage, communityand, sensitive, ethical, mentors",Neutral/Insufficient Data,The service helped me engage in the communityand be more sensitive and ethical
SSLA,2023-24,"Lhak- Sam, Bhutan Netwrok Of People Living With Hiv",2,"wholesome, been, field, rather, than",Neutral/Insufficient Data,It would have been better if we got to do more field work rather than office based or report writing work. The program management was good and they were able to give workshop to me.
SSLA,2023-24,Mobile Creches,2,"course, always, aligned, tasks, organization",Neutral/Insufficient Data,My course work was always aligned with my Service Learning tasks
SSLA,2023-24,People For Animals- Ashari,2,"insightful, never, before",Neutral/Insufficient Data,It was a great learning experience
SSLA,2023-24,Purnkuti,2,"learnings, teachings, inter, changed, growth",Neutral/Insufficient Data,"At my work experience with all the learnings and teachings I inter- changed , helped my growth holistically"
SSLA,2023-24,Sethee Sanstha,2,"onlyreason, could, significant, impact, community",Neutral/Insufficient Data,Onlyreason I felt I could make a more significant impact to the community is because of the time spent at the organization
SSLA,2023-24,Vayam Movement,2,"wonderful, greatful, staff, less, sensitive",Neutral/Insufficient Data,"A wonderful opportunity, greatful for it"
SSLA,2023-24,All India Artisans And Craftworkers Welfare Association (Aiaca),1,"orientation, late, informed, attend, while",Neutral/Insufficient Data,Orientation was given late and it was not informed to attend while I was working form home
SSLA,2023-24,Bhartiya Samaj Seva Kendra,1,"interns, except, condition, everything, hire",Neutral/Insufficient Data,Except for the working condition for the interns everything is good. They should hire more interns
SSLA,2023-24,Dean Organization,1,"enriching, woring, staff, motivating, recommend",Neutral/Insufficient Data,I had a very enriching experience woring with NGO and the staff was very motivating. I would recommend service in this NGO
SSLA,2023-24,Deep Griha Society,1,"course, broden, sturcture, increase, duration",Neutral/Insufficient Data,The NGO should broden their course sturcture and increase the duration of the course so that the participants get more exposure to the world they are about to enter
SSLA,2023-24,Desh Apnayen Sahyog,1,"possible, allowed, participate, offline, going",Neutral/Insufficient Data,If possible students should be allowed to participate offline by going to their office in Mumbai as there are a lot more opportunities to contribute
SSLA,2023-24,Doorstep Schools,1,"wonderful, organization, volunteer, anyone, expose",Neutral/Insufficient Data,It is a wonderful organization to volunteer for anyone who would like to expose themselves to the nitty-grities of educational social work
SSLA,2023-24,Indian Collegiate Athletic Program,1,"team, welcoming, helpful",Neutral/Insufficient Data,The NGO team was very very welcoming and helpful
SSLA,2023-24,Indian National Trust For Art And Cultural Heritage (Intach),1,"organization, well, managedand, provide, support",Neutral/Insufficient Data,This organization is very well managedand provide great support and confidence
SSLA,2023-24,Institute Of Social Research And Development,1,"institute, highly, collaborative, inclusive",Neutral/Insufficient Data,The institute was highly collaborative and inclusive 
SSLA,2023-24,Jaya Prayas Help,1,"recommend, organization, after, lack, people",Neutral/Insufficient Data,I would recommend this organization as after working their I felt they lack with people support
SSLA,2023-24,Join Together Trust,1,"encourage, active, social, media, platforms",Neutral/Insufficient Data,Would encourage NGO to be more active on the social media platforms which would attaract more volunteers
SSLA,2023-24,Khushiyaan,1,"format, report, than, ismore, domains",Neutral/Insufficient Data,The format of the report can be better than what it is.More domains can be appreciated
SSLA,2023-24,Kitab Aur Kalam,1,"wonderful, engage, many, people, whole",Neutral/Insufficient Data,It was a wonderful experience to engage with so many people and the whole experience has enhanced my skills
SSLA,2023-24,Kshamata,1,"organization, could, worked, communication",Neutral/Insufficient Data,Organization could have worked better on their communication
SSLA,2023-24,Muskurahat Foundatiom,1,enriching,Neutral/Insufficient Data,I had a very enriching experience
SSLA,2023-24,Naata,1,"nothing, short, however, little, unresponsivewhile",Neutral/Insufficient Data,My time at NGO was nothing short of an amazing experience. However they were little unresponsivewhile asking for documents to be filled. Other than that thare are no shortcomings
SSLA,2023-24,Natural Is Beautiful,1,"ngoas, organization, needs, reach, global",Neutral/Insufficient Data,NGOas an organization needs to reach out for global network and recognition
SSLA,2023-24,Nav Astitva,1,"staff, cooperative",Neutral/Insufficient Data,NGO staff was very nice and cooperative
SSLA,2023-24,North East Research And Social Networking,1,"greatful, getting, such, wonderful, people",Neutral/Insufficient Data,I am very greatful for getting the opportunity to work with such a wonderful people
SSLA,2023-24,People'S Education For Action And Liberation,1,"organization, itself, wanted, guidance, mentors",Neutral/Insufficient Data,Working with organization itself was great. But I wanted to have more guidance and the mentor's supervision
SSLA,2023-24,Public Concern For Governance Trust,1,"benefit, communication, practices",Neutral/Insufficient Data,The NGO can benefit from better communication practices
SSLA,2023-24,Rakshak,1,"helpful, supporting, vision, belive",Neutral/Insufficient Data,It was a very helpful experience in supporting the vision I belive in
SSLA,2023-24,Saahas For  Animals,1,"entire, duration, volunteer, organization, filled",Neutral/Insufficient Data,The entire duration of my volunteer work at the organization was filled with a lot of new learnings and experiences. I would not have attained if I was not given this opportunity. The helpfulness of my mentors and other volunteer helped me through the entire duration of the work. I was able to learn the ways of being helpful to animals which I should cherish.
SSLA,2023-24,"Seva Bharati, Panipat",1,"helpful, satisfactory, acoomplishing, motive",Neutral/Insufficient Data,It was a great learning experience for me. It was very helpful and satisfactory in acoomplishing my motive
SSLA,2023-24,Speak Up World,1,"conduct, online, training, sessions, remote",Neutral/Insufficient Data,My NGO can conduct online training sessions for remote interns
SSLA,2023-24,Ssla Collaboration For Asian Anthropology,1,"enriching, insightful",Neutral/Insufficient Data,"An enriching , insightful and learning experience"
SSLA,2023-24,Tamrind Tree,1,"wonderful, again",Neutral/Insufficient Data,It was a wonderful experience to work with NGO and I would like to work again.
SSLA,2023-24,The Spastic Society Of Tamilnadu,1,"thoroughly, organization, recommend, take, volunteers",Neutral/Insufficient Data,I Thoroughly enjoyed my time at the organization and I recommend that they take in more volunteers.
SSLA,2023-24,Trust For Retailers And Retail Sector Association Of India (Trrsai),1,"incredible, trrsai, gain, many, skill",Neutral/Insufficient Data,I had incredible experience working at TRRSAI as it helped me gain many new skill and insights
SSLA,2023-24,Urjavya,1,"thankful, mentor, instilling, critical, giving",Neutral/Insufficient Data,I am thankful to NGO and my mentor for instilling critical skills in me and giving me many opportunities to contribute meaningfully to the NGO
SSLA,2023-24,Vanarai,1,"while, tasks, assigned, research, based",Neutral/Insufficient Data,"While tasks assigned were research based, I would have looked forward to other forms of work as well. At the same time I would have appreciated if the organization extended a little more understanding towards students in terms of their experience and type of work expected."
SSLA,2023-24,Wee,1,"organization, incredibly, helpful, welcoming, wellas",Neutral/Insufficient Data,The organization was incredibly helpful and welcoming as wellas extremly prompt in case of response
SSLA,2023-24,Y4D,1,fruitful,Neutral/Insufficient Data,It was a fruitful experience with NGO
SSLA,2023-24,Yasham,1,"assign, intern, every, area, targetting",Neutral/Insufficient Data,To assign an intern in every area they are targetting
SSLA,2024-25,Ecosphere Connect,8,"wonderful, here, learn, knowledge, allowed",Positive,it was a wonderful time working
SSLA,2024-25,Snehalaya,5,"gained, perspective, people, extremely, helpful",Positive,the people were extremely helpful and kind. 
SSLA,2024-25,Animals Matter To Me,2,"plesent, ogranisation, gained, leranings, during",Neutral/Insufficient Data,It was a good learning experience
SSLA,2024-25,"Bhutan Network Of People Living With Hiv/Aids (Bnp+), Lhak-Sam (Altruism)",2,"definetly, increased, desire, wish, continue",Neutral/Insufficient Data,It definetly increased my desire /wish to continue in this organization. 
SSLA,2024-25,Desire Society,2,"impactful, insightful, warm, everyone, kind",Neutral/Insufficient Data,It was a very impactful experience.
SSLA,2024-25,Dream Girl,2,"back, meet, childeren, organization, structrured",Neutral/Insufficient Data,I would like to go back and meet the childeren. 
SSLA,2024-25,Fct Primary Healthcare Board,2,"enligheing, organization, quite, helpful, patient",Neutral/Insufficient Data,It was a good and enligheing experience. 
SSLA,2024-25,Jaishankar Memorial Centre,2,"staff, supportive, motivated, consistently, entire",Neutral/Insufficient Data,it was a great learning experience. The staff was very supportive.
SSLA,2024-25,Jeevitnadi: Living River,2,"greatful, ssla, insightful, jeevitnadi, wonderful",Neutral/Insufficient Data,I am greatful to SSLA for this insightful service learning experience.
SSLA,2024-25,Lakshyam,2,"lives, understood, hands, support, transform",Neutral/Insufficient Data,I understood how hands on support can transform lives. 
SSLA,2024-25,Trivandrum Don Bosco Veedu Society,2,"liked, spend, week, constraint, intern",Neutral/Insufficient Data,would have liked to spend one more week (time constraint)
SSLA,2024-25,Unicef Maharashtra,2,"enriching, wearing, truly, enriched, learnet",Neutral/Insufficient Data,This service learning experience truly enriched me. I learnet personal skills that will benift me in the long run. 
SSLA,2024-25,Vatsalya,2,"give, opportunites, interns, contribute, organization",Neutral/Insufficient Data,They should give more opportunites to the interns to contribute to the organization. 
SSLA,2024-25,Wishes And Blessings,2,"staff, volunteers, organizations, immensely, throughout",Neutral/Insufficient Data,It was a great learning experience.  
SSLA,2024-25,Arushi,1,"volunteer, feedback, system, outdoor",Neutral/Insufficient Data,"1. volunteer feedback system
2. more outdoor activities for students."
SSLA,2024-25,Bharatiya Samaj Seva Kendra,1,"improve, volunteer, recruitment, engement, language",Neutral/Insufficient Data,improve volunteer recruitment & engement add language workshops for childeren under their care. 
SSLA,2024-25,Dean,1,"supervisor, kind, helpful, during, volunteering",Neutral/Insufficient Data,my project supervisor was very kind and helpful during my volunteering 
SSLA,2024-25,Don Bosco Veedu Society,1,"appriciate, trust, showed, workwe, appricated",Neutral/Insufficient Data,"I appriciate the trust they showed in me and my work.we appricated more guidance, I am greatful for the opportunity. "
SSLA,2024-25,Dular,1,"learnt, only, additonal, insight, awerness",Neutral/Insufficient Data,my experience was good. I learnt a lot there. Not only skills but also additonal insight and awerness. 
SSLA,2024-25,For Social Transformation,1,"organization, could, prepare, brief, training",Neutral/Insufficient Data,the organization could prepare a brief training module for interns. 
SSLA,2024-25,Friends Of Moral Re-Armament. Initiatives Of Change. Iofc (India),1,"online, volunteer, program, individual, members",Neutral/Insufficient Data,An online volunteer program as a way to individual members who cannot be on campus all the time.
SSLA,2024-25,Goonj,1,"goonj, friendly, supportive, enviornment",Neutral/Insufficient Data,Goonj has a friendly and supportive work enviornment. 
SSLA,2024-25,Innovative Educational And Welfare Society (Iews) - Coexistent And Healing Home,1,"organization, extremely, helpful, supportive, through",Neutral/Insufficient Data,the organization extremely helpful and supportive time through this experience. 
SSLA,2024-25,"International Institute Of Rehabilitation, Sciences And Research",1,"based, bhubaneswar, under, trust, called",Neutral/Insufficient Data,The NGO is based in Bhubaneswar under a trust called AASTHA.
SSLA,2024-25,Jan Chetna Sansthan,1,"market, organization, order, volunteers",Neutral/Insufficient Data,They should market the organization more in order to have more volunteers work for them. 
SSLA,2024-25,Nature Environment And Wildlife Society,1,"news, extremely, enriching, grow, multiple",Neutral/Insufficient Data,working at news was as extremely enriching experience for me as it has helped me grow in multiple ways. 
SSLA,2024-25,Pampa,1,"communication, team, response",Neutral/Insufficient Data,better communication in team and response
SSLA,2024-25,Purnkuti,1,"extermely, greatful, espacially, physological",Neutral/Insufficient Data,"it was an extermely greatful, experience, espacially as a physological student."
SSLA,2024-25,Saksham,1,"saksham, greatful, support",Neutral/Insufficient Data,"I really enjoyed my time at Saksham, very greatful for the experience and support"
SSLA,2024-25,Shambhuka,1,"inspring, commitment, affortable, acceable, care",Neutral/Insufficient Data,inspring commitment to affortable & acceable care was diply inspiring. 
SSLA,2024-25,Shri Shradhanand Bal Vanita Ashram,1,"supported, fulfill, task, strongly",Neutral/Insufficient Data,overall a good experience. I felt that I was supported able to fulfill my task strongly. 
SSLA,2024-25,Sukhmani Seva Trust,1,"impactful, understand, community, support, while",Neutral/Insufficient Data,"Working at SST, helped me understand new impactful community support is while impactful indivduals. "
SSLA,2024-25,Veeranwali - Project Nanhi Jaan,1,"foundation, absolutly, amezing, greatful, contributed",Neutral/Insufficient Data,my time at the foundation was absolutly amezing. I am so greatful to have a contributed and have the chance to make a differences. 
SSLA,2024-25,Viswas For Victims,1,"specified, plans, keep, interns, loop",Neutral/Insufficient Data,have specified plans to keep interns on the loop 
SSLA,2024-25,Women For Human Rights (Whr),1,"extributing, formal, collaboration, offering, language",Neutral/Insufficient Data,extributing a formal collaboration gap and offering language and virtual training. 
SSPAD,2022-23,"Matoshri Old Age Home, Adosa, Nagpur",29,"society, well, towards, wish, program",Positive,This place helped me in developing approach to work for the society's betterment
SSPAD,2023-24,Social Empowerment And Development Society,5,"these, kind, awareness, programmes, autism",Positive,These kind of awareness programmes about autism can be conducted in school as well so that entire staff and children learn to be inclusive so as to avoide cases of bullying etc.
SSPAD,2023-24,Composite Regional Centre (Crc) Nagpur,3,"could, interior, infrastructure, building, helpful",Positive,"They could work on the interior and Infrastructure of the building, which will make overall environmenmt more pleasant"
SSPAD,2023-24,Aashray Ashram,2,"staff, children, worked, highly, recommend",Neutral/Insufficient Data,I had great time with the children I worked with. I highly recommend this type of experience for anyone interested in social development
SSPAD,2023-24,Deaf And Dumb Industrial Institute,2,"such, sector, gives, boost, self",Neutral/Insufficient Data,Working in such sector gives a boost to self confidence and enhances personality
SSPAD,2023-24,Laksha Special School,1,"these, kind, awareness, programmes, autism",Neutral/Insufficient Data,These kind of awareness programmes about autism can be conducted in school as well so that entire staff and children learn to be inclusive so as to avoide cases of bullying etc.
SSPAD,2023-24,Udhyan Bahuuddeshiya Vikas Sanstha,1,"organize, such, development",Neutral/Insufficient Data,They can organize more such activities for the development of students
SSPAD,2024-25,Archana And Katrina Gorakshan Trust And Animal Rehabilitation Home.,2,"empathasizes, compassion, responsibility, creating, postive",Neutral/Insufficient Data,"this project empathasizes compassion and responsibility, creating a postive impact on stray animal welfare."
SSPAD,2024-25,"Matru Seva Sangh, Nagpur",2,"matru, seva, sangh, school, disable",Neutral/Insufficient Data,"Matru seva sangh is a school of disable children where I think sanitation, education, facilities, are need to taken care. "
SSPAD,2024-25,"Save The Speechless Organisation, Nagpur",2,"stuggling, funds, rescue, mission, wasnt",Neutral/Insufficient Data,The NGO was stuggling with funds and rescue mission as there wasn't any support provided by the government.
SSPAD,2024-25,"Save The Speechless, Nagpur",2,"support, learnt, justice, humality, speechless",Neutral/Insufficient Data,"I learnt a lot about justice & humality, and how to support the speechless."
SSPAD,2024-25,"Wasa, Amaravati, Maharashtra",1,"page, available",Neutral/Insufficient Data,2nd page not available 
SSVAP,2021-22,Scope,1,"please, problem, communication, provide, information",Neutral/Insufficient Data,Got a lot of problem in communication. Please provide all the information befor the project of NGO in involving students (as a corurse/compulsory course) please take care of there health and economy. Because if in a choicable thing. If someone want to help by own they can.
SSVAP,2022-23,Sadhna Village,3,"homely, recommende, people, here, supportive",Positive,It had a homely feel and recommende people to work here
SSVAP,2022-23,Jeevitanadi,2,,Neutral/Insufficient Data,It was a nice experience
SSVAP,2022-23,Karma,1,,Neutral/Insufficient Data,It was an amazing experience
SSVAP,2023-24,Hope For Paws,4,"learnt, dogs, people, handle, well",Positive,It was nice and I learnt how to handle dogs very well
SSVAP,2023-24,Scope,4,"film, making, never, want, lose",Positive,It would never want to lose these opportunity if I get to do it again
SSVAP,2023-24,Samparc,3,"love, school, visit, again",Positive,Had a great learning experience
SSVAP,2024-25,Action Earth,4,"while, organizing, plantetion, drives, realized",Positive,While organizing plantetion drives I realized the importance of such events
SSVAP,2024-25,Sampark,2,"cooperative, helpful, towards, team, realy",Neutral/Insufficient Data,NGO was realy cooperative and helpful towards me and the team
Unknown,2021-22,Save The Paws,1,"unhealthy, environment, superiors, organization, cooperative",Neutral/Insufficient Data,Very unhealthy work environment. Superiors of the organization were not at all cooperative and understanding.
Unknown,2022-23,A Ray Of Hope,1,"hope, trust, improving, communication, team",Neutral/Insufficient Data,Working at the Ray of Hope Trust helped me in improving my communication skills and team work with other students
Unknown,2022-23,Youth For Seva,1,,Neutral/Insufficient Data,It was a great experience.
Unknown,2023-24,Sakar Drushti,13,"society, understand, informative, needy, cannot",Positive,very informative experience felt doing good for the needy.
Unknown,2023-24,Rotary Club,4,"society, shape, thinking, towards, helping",Positive,This project helped me shape my thinking towards helping the people and society. Really thankful to the institution and faculty incharge.
Unknown,2023-24,Eklavya,2,"improved, digital, knowledge, mental, health",Neutral/Insufficient Data,It was great learning experience
Unknown,2023-24,Seva Sahayog,2,"wonderful, greatful, unique, role",Neutral/Insufficient Data,"A wonderful opportunity, greatful for it"
Unknown,2023-24,Center For Sustainable Development,1,"appricate, innovative, approach, addressing, complex",Neutral/Insufficient Data,Appricate the NGO innovative approach to addressing complex social issues. They continusly search out new ideas.
Unknown,2023-24,Center For Sustainable Devlopment,1,"dedication, making, postive, impact, community",Neutral/Insufficient Data,The NGO dedication to making a postive impact on the community to truly inspirng.
Unknown,2023-24,Muskurahat Foundatiom,1,glad,Neutral/Insufficient Data,"It was a new experience to work with NGO, I am glad I did it."
Unknown,2023-24,Ratary Club Of Nagpur North,1,"fulfilling, experirence",Neutral/Insufficient Data,It was a really fulfilling experirence
Unknown,2023-24,Ssla Collaboration For Asian Anthropology,1,"enriching, insightful",Neutral/Insufficient Data,"An enriching , insightful and learning experience"
Unknown,2024-25,Climate Trooper,7,"climate, troopers, event, enhance, values",Positive,Climate troopers event really enhance values and promote envoirnmental  awerness. 
Unknown,2024-25,Aura,1,"extermely, greatful, espacially, physological",Neutral/Insufficient Data,"it was an extermely greatful, experience, espacially as a physological student."
Unknown,2024-25,Enabling Leadership,1,unique,Neutral/Insufficient Data,It was a unique experience
Unknown,2024-25,Maher Ashram,1,"extermely, greatful, fruitfull, expeirnece, maher",Neutral/Insufficient Data,"it was an extermely greatful, and fruitfull expeirnece with maher."
Unknown,2024-25,Wings For Dreams,1,"helpful, enviornment",Neutral/Insufficient Data,has a helpful enviornment
